Sección;División;Agrupación;Grupo;Epígrafe;Denominación;Alta en I.A.E.
1;;;;;ACTIVIDADES EMPRESARIALES;
1;0;;;;GANADERIA INDEPENDIENTE;
1;0;1;;;EXPLOTACION DE GANADO BOVINO;
1;0;1;11;;EXPLOTACION EXTENSIVA GANADO BOVINO;Si
1;0;1;12;;EXPLOTAC. INTENSI.GANADO BOVINO DE LECHE;Si
1;0;1;13;;EXPLOT.INTENSIVA GANADO BOVINO DE CEBO;Si
1;0;2;;;EXPLOTACION DE GANADO OVINO Y CAPRINO;
1;0;2;21;;EXPLOTACION EXTENSIVA DE GANADO OVINO;Si
1;0;2;22;;EXPLOT.INTENSIV.GANADO OVINO DE CRIA;Si
1;0;2;23;;EXPLOTAC.INTENSIVA GANADO OVINO DE CEBO;Si
1;0;2;24;;EXPLOTACION DE GANADO CAPRINO;Si
1;0;3;;;EXPLOTACION DE GANDO PORCINO;
1;0;3;31;;EXPLOTACION EXTENSIVA GANADO PORCINO;Si
1;0;3;32;;EXPLOTAC.INTENSIVA GANADO PORCINO CRIA;Si
1;0;3;33;;EXPLOTAC. INTENSIVA GANADO PORCINO CEBO;Si
1;0;4;;;AVICULTURA;
1;0;4;41;;AVICULTURA DE PUESTA;
1;0;4;41;41,1;REPRODUCTORAS DE PUESTA;Si
1;0;4;41;41,2;PONEDORAS HUEVOS A PARTIR CUATRO MESES;Si
1;0;4;42;;AVICULTURA DE CARNE;
1;0;4;42;42,1;REPRODUCTORAS DE CARNE;Si
1;0;4;42;42,2;POLLOS Y PATOS PARA CARNE;Si
1;0;4;42;42,3;PAVOS, FAISANES Y PALMIPEDAS_REPRODUCTOR;Si
1;0;4;42;42,4;PAVOS, FAISANES Y PALMIPEDAS PARA CARNE;Si
1;0;4;42;42,5;CODORNICES PARA CARNE;Si
1;0;5;;;CUNICULTURA;
1;0;5;51;;CUNICULTURA;Si
1;0;6;;;OTRAS EXPLOTACION GANADERAS N.C.O.P.;
1;0;6;61;;EXPLOT.GANADO CABALLAR,MULAR Y ASNAL;Si
1;0;6;62;;APICULTURA;Si
1;0;6;69;;OTRAS EXPLOTACIONES GANADERAS;Si
1;0;7;;;EXPLOTACIONES MIXTAS;
1;0;7;71;;EXPLOTACIONES MIXTAS;Si
1;1;;;;ENERGIA Y AGUA;
1;1;11;;;EXT. PREP. Y AGL. COMB. SOLIDOS Y COQUE.;
1;1;11;111;;EXTR. PREP. Y AGLOMERACION DE HULLA;
1;1;11;111;111,1;EXTRACCION Y PREPARACION DE HULLA;Si
1;1;11;111;111,2;EXTRACC. Y PREP. HULLA SUBBITUMINOSA;Si
1;1;11;111;111,3;PREPARAC. HULLA FACTORIA INDEPENDIENTE;Si
1;1;11;111;111,4;AGLOMERACION DE HULLA;Si
1;1;11;112;;EXTRACCION Y PREPARACION DE ANTRACITA;
1;1;11;112;112,1;EXTRACC. Y PREPARACION DE ANTRACITA;Si
1;1;11;112;112,2;PREPARACION ANTRACITA FACTORIA INDEPEND.;Si
1;1;11;113;;EXTRACCION, PREPARACION DE LIGNITO PARDO;
1;1;11;113;113,1;EXTRACC. Y PREP. LIGNITO PARDO;Si
1;1;11;113;113,2;PREP. LIGNITO PARDO EN FACTORIA INDEPEN.;Si
1;1;11;114;;FABRICACION DE COQUE;Si
1;1;12;;;EXTRACCION DE PETROLEO Y GAS NATURAL;
1;1;12;121;;PROSP. PETROLEO Y GAS NAT. Y TRAB. AUX.;
1;1;12;121;121,1;TRABAJOS DE TESTIFICACION EN SONDEOS;Si
1;1;12;121;121,2;DESVIACION SONDEOS Y CIMENTACION POZOS;Si
1;1;12;121;121,3;TOMAS MEDIDA PRESION FONDO DE POZOS;Si
1;1;12;121;121,9;OTRAS ACTIV. DE PROSPECCION;Si
1;1;12;122;;EXTRAC. Y DISTRIB. DE CRUDOS DE PETROLEO;
1;1;12;122;122,1;EXTRACCION DE CRUDOS DE PETROLEO;Si
1;1;12;122;122,2;DISTRIBUCION DE CRUDOS DE PETROLEO;Si
1;1;12;123;;EXTRAC. DEPUR. Y DISTRIB. DE GAS NATURAL;
1;1;12;123;123,1;EXTRACCION Y DEPURACION DE GAS NATURAL;Si
1;1;12;123;123,2;DISTRIBUCION DE GAS NATURAL;Si
1;1;12;124;;EXTRACCION DE PIZARRAS BITUMINOSAS;Si
1;1;13;;;REFINO DE PETROLEO;
1;1;13;130;;REFINO DE PETROLEO;Si
1;1;14;;;EXTRAC. TRANSF. DE MINERALES RADIOACTIV.;
1;1;14;141;;EXTRAC.Y PREP. DE MINERALES RADIACTIVOS;Si
1;1;14;142;;PREP.MINERALES RADIACTIVOS FACT.INDEPEN.;Si
1;1;14;143;;TRANSF. MINE. RADIACT. TTO. Y ALMA. RES.;
1;1;14;143;143,1;TRANSFORMACION DE MINERALES RADIOACTIVOS;Si
1;1;14;143;143,2;TRATAMIENTO DE RESIDUOS RADIOACTIVOS;Si
1;1;14;143;143,3;ALMACENAMIENTO DE RESIDUOS RADIOACTIVOS;Si
1;1;15;;;PROD.TRANS.DIST. E.ELEC. GAS VAPOR AGUA;
1;1;15;151;;PRODUC. TRANS. Y DIST. DE ENER. ELEC.;
1;1;15;151;151,1;PRODUCCION DE ENERGIA HIDROELECTRICA;Si
1;1;15;151;151,2;PRODUCCION ENERGIA TERMOELECTRICA;Si
1;1;15;151;151,3;PRODUCCION ENERGIA ELECTRONUCLEAR;Si
1;1;15;151;151,4;OTRAS PRODUCCIONES DE ENERGIA;Si
1;1;15;151;151,5;TTE. Y DISTRIBUCION DE ELECTRICIDAD;Si
1;1;15;152;;FABRICACION Y DISTRIBUCION DE GAS;Si
1;1;15;153;;PRODUCC. Y DISTRIB.VAPOR Y AGUA CALIENTE;Si
1;1;16;;;CAPT. DEPUR. DIST. AGUA Y FAB. DE HIELO;
1;1;16;161;;CAPT. TRAT.Y DIST. AGUA, NUCLEOS URBANO;
1;1;16;161;161,1;CAPTACION,TRATAMIENTO Y DISTRIB. DE AGUA;Si
1;1;16;161;161,2;CAPTACION DE AGUA PARA SU SUMINISTRO;Si
1;1;16;161;161,3;TRATAMIENTO DEL AGUA PARA SU SUMINISTRO;Si
1;1;16;161;161,4;DISTRIBUCION DE AGUA EN NUCLEOS URBANOS;Si
1;1;16;162;;FABRICACION DE HIELO PARA LA VENTA;Si
1;2;;;;EXTR.TRANS. MIN. NO ENERG. Y PROD.DERIV.;
1;2;21;;;EXTRAC. PREPAR. DE MINERALES METALICOS;
1;2;21;211;;EXTRAC. PREPAR. DE MINERALES DE HIERRO;
1;2;21;211;211,1;EXTRACC. Y PREP. MINERALES FERREOS;Si
1;2;21;211;211,2;PREP.MINERALES FERREOS EN FACT. INDEPEN.;Si
1;2;21;212;;EXTRAC. PREPAR. DE MIN. MET. NO FERREOS;
1;2;21;212;212,1;EXTRAC.Y PREP. MINERALES METALICOS;Si
1;2;21;212;212,2;PREP.MINERALES METALICOS EN FACT.INDEP.;Si
1;2;22;;;PRODUC. Y PRIMERA TRANSFOR. DE METALES;
1;2;22;221;;SIDERURGIA INTEGRAL;Si
1;2;22;221;221,1;PTOS.SIDERURGICOS PRIMARIOS (S.I.);
1;2;22;221;221,2;ACERO BRUTO (S.I.);
1;2;22;221;221,3;SEMIPRODUCTOS (S.I.);
1;2;22;221;221,4;PTOS.LAMINADOS EN CALIENTE (S.I.);
1;2;22;221;221,5;PTOS.LAMINADOS EN FRIO (S.I.);
1;2;22;221;221,6;PTOS.SIDERURGICOS DERIVADOS (S.I.);
1;2;22;221;221,7;OTROS PTOS. Y SUBPRODUCTOS (S.I.);
1;2;22;222;;SIDERURGIA NO INTEGRAL;Si
1;2;22;222;222,1;ACERO BRUTO (S.N.I.);
1;2;22;222;222,2;SEMIPRODUCTOS (S.N.I.);
1;2;22;222;222,3;LAMINADOS EN CALIENTE (S.N.I.);
1;2;22;222;222,4;LAMINADOS EN FRIO (S.N.I.);
1;2;22;222;222,5;PTOS.DERIVADOS (S.N.I.);
1;2;22;222;222,6;OTROS PTOS. Y SUBPRODUCTOS (S.N.I.);
1;2;22;223;;FABRICACION DE TUBOS DE ACERO;Si
1;2;22;223;223,1;PTOS. TUBULARES DE ACERO SIN SOLDADURA;
1;2;22;223;223,2;PTOS. TUBULARES DE ACERO SOLDADOS;
1;2;22;223;223,3;PTOS. TUBULARES SOLDADOS HELICOIDALMENTE;
1;2;22;223;223,4;ACCESORIOS PARA TUBERIAS;
1;2;22;224;;TREFILADO,ESTIRADO Y LAMINADO DE ACERO;Si
1;2;22;224;224,1;ALAMBRE DE ACERO;
1;2;22;224;224,2;PTOS. CALIBRADOS DE ESTIRADO;
1;2;22;224;224,3;PTOS. CALIBRADOS POR TORNEADO;
1;2;22;224;224,4;PTOS. CALIBRADOS POR RECTIFICADO;
1;2;22;224;224,5;PERFILES CONFORMADOS EN FRIO;
1;2;22;224;224,6;FLEJE LAMINADO EN FRIO;
1;2;22;224;224,7;FLEJE MAGNETICO LAMINADO EN FRIO;
1;2;22;224;224,8;FLEJE RECUBIERTO;
1;2;22;225;;PROD. Y PRIMERA TRANSF. DE MET. NO FERR.;
1;2;22;225;225,1;PROD. Y PRIM. TRANSFORMACION ALUMINIO;Si
1;2;22;225;225,2;PROD. Y PRIM. TRANSFORMACION DE COBRE;Si
1;2;22;225;225,9;PROD. Y PRIM. TRANSF. OTROS METALES;Si
1;2;23;;;EXTR. MINER. NO METAL.NI ENERG.,TURBERAS;
1;2;23;231;;EXTRACCION DE MATERIALES DE CONSTRUCCION;
1;2;23;231;231,1;EXTRACCION SUSTANCIAS ARCILLOSAS;Si
1;2;23;231;231,2;EXTRACC. ROCAS Y PIZARRAS CONSTRUCCION;Si
1;2;23;231;231,3;EXTRACC. ARENAS Y GRAVAS CONSTRUCCION;Si
1;2;23;231;231,4;EXTRACCION DE YESO;Si
1;2;23;231;231,9;EXTRACCION OTROS MATERIALES CONSTRUCCION;Si
1;2;23;232;;EXTRAC. DE SAL POTAS.FOSFATOS Y NITRATOS;
1;2;23;232;232,1;EXTRACCION SALES POTASICAS;Si
1;2;23;232;232,2;EXTRACCION FOSFATOS Y NITRATOS;Si
1;2;23;233;;EXTRACCION DE SAL COMUN;
1;2;23;233;233,1;EXTRACCION DE SAL MARINA;Si
1;2;23;233;233,2;EXTRACC. SAL MANANTIAL Y GEMA;Si
1;2;23;234;;EXTRACCION DE PIRITAS Y AZUFRE;Si
1;2;23;234;234,1;PIRITAS DE HIERRO SIN TOSTAR;
1;2;23;234;234,2;AZUFRE NATURAL;
1;2;23;239;;EXTR. OTROS MINER. NO MET. NI ENER.,TUR.;
1;2;23;239;239,1;EXTRACCION DE FLUORITA;Si
1;2;23;239;239,2;EXTRACCION DE TURBA;Si
1;2;23;239;239,9;EXTRACC. DE OTROS MINERALES NCOP;Si
1;2;24;;;INDUSTRIA DE PROD. MINERALES NO METALIC.;
1;2;24;241;;FAB.PTOS.TIERRAS COCIDAS CONSTRUCCION;Si
1;2;24;241;241,1;LADRILLOS BLOQUES Y FORJADOS;
1;2;24;241;241,2;TEJAS, BALDOSAS Y OTROS MATERIALES;
1;2;24;242;;FABRICACION DE CEMENTOS CALES Y YESOS;
1;2;24;242;242,1;FAB. CEMENTOS ARTIFICIALES;Si
1;2;24;242;242,2;FAB. CEMENTOS NATURALES;Si
1;2;24;242;242,3;FAB. CALES Y YESOS;Si
1;2;24;243;;FAB. MAT. EN HORMIGON,CEMENTO,YESO,ETC.;
1;2;24;243;243,1;FAB. HORMIGONES PREPARADOS;Si
1;2;24;243;243,2;FAB. PTOS. EN FIBROCEMENTO;Si
1;2;24;243;243,3;FAB. OTROS ARTICULOS DERIVADOS CEMENTO;Si
1;2;24;243;243,4;FAB. PAVIMENTOS DERIVADOS DEL CEMENTO;Si
1;2;24;243;243,5;FAB. ARTICULOS DERIVADOS YESO Y ESCAYOLA;Si
1;2;24;244;;INDUSTRIAS DE LA PIEDRA NATURAL;Si
1;2;24;244;244,1;PIEDRA NATURAL TRITURADA Y CLASIFICADA;
1;2;24;244;244,2;PIEDRA NATURAL TALLADA Y ASERRADA;
1;2;24;244;244,3;PIEDRA ELABORADA;
1;2;24;245;;FAB. DE ABRASIVOS;Si
1;2;24;245;245,1;MUELAS Y ARTICULOS SIMILARES;
1;2;24;245;245,2;OTROS ABRASIVOS;
1;2;24;246;;INDUSTRIA DEL VIDRIO;
1;2;24;246;246,1;FAB. VIDRIO PLANO;Si
1;2;24;246;246,2;FAB. VIDRIO HUECO;Si
1;2;24;246;246,3;FAB. VIDRIO TECNICO;Si
1;2;24;246;246,4;FAB. FIBRA DE VIDRIO;Si
1;2;24;246;246,5;MANIPULADO DE VIDRIO;Si
1;2;24;246;246,6;FABRICAC. DE FIBRAS Y ESMALTES CERAMICOS;Si
1;2;24;247;;FABRICACION DE PRODUCTOS CERAMICOS;
1;2;24;247;247,1;FAB. ARTICULOS REFRACTARIOS;Si
1;2;24;247;247,2;FAB. BALDOSAS PARA PAVIMENTOS;Si
1;2;24;247;247,3;FAB. BALDOSAS ESMALTADAS PARA PAVIMENTOS;Si
1;2;24;247;247,4;FAB. VAJILLAS Y ARTICULOS PARA EL HOGAR;Si
1;2;24;247;247,5;FAB. APARATOS SANITARIOS LOZA Y PORCEL.;Si
1;2;24;247;247,6;FAB. AISLADORES EN MATERIAL CERAMICO;Si
1;2;24;247;247,9;FAB. OTROS PTOS. CERAMICOS NCOP;Si
1;2;24;249;;IND. OTROS PTOS. MINERALES NO MET.;Si
1;2;24;249;249,1;FAB. PTOS. ASFALTICOS;
1;2;24;249;249,2;FAB. PTOS. A BASE DE AMIANTO;
1;2;24;249;249,9;FAB. PTOS. CON OTROS MINERALES NO METAL;
1;2;25;;;INDUSTRIA QUIMICA;
1;2;25;251;;FAB.PROD.QUIM.BASIC. (EXC.PROD.FARMAC.);
1;2;25;251;251,1;FAB.PTO.QUIMICOS ORGANICOS PETROQUIMICOS;Si
1;2;25;251;251,2;FAB. OTROS PTOS. QUIMICOS ORGANICOS;Si
1;2;25;251;251,3;FAB. PTOS. QUIMICOS INORGANICOS;Si
1;2;25;251;251,4;FAB. PRIMERA MATERIAS PLASTICAS;Si
1;2;25;251;251,5;FAB. CAUCHO Y LATEX SINTETICOS;Si
1;2;25;251;251,6;FAB. FIBRAS ARTIFICIALES Y SINTETICAS;Si
1;2;25;251;251,7;FAB. ACIDO ANHIDRICO FTALICO Y MALEICO;Si
1;2;25;252;;FAB.PROD.QUIM. DEST. A LA AGRICULTURA;
1;2;25;252;252,1;FAB. DE ABONOS;Si
1;2;25;252;252,2;FAB. DE PLAGUICIDAS;Si
1;2;25;253;;FABRIC. PRODUC.QUIMICOS DEST. INDUSTRIA;
1;2;25;253;253,1;FAB. GASES COMPRIMIDOS;Si
1;2;25;253;253,2;FAB. COLORANTES Y PIGMENTOS;Si
1;2;25;253;253,3;FAB. PINTURAS, BARNICES Y LACAS;Si
1;2;25;253;253,4;FAB. DE TINTAS DE IMPRENTA;Si
1;2;25;253;253,5;TRATAMIENTO ACEITES PARA USO INDUSTRIAL;Si
1;2;25;253;253,6;FAB. ACEITES ESENCIALES Y SUST. AROMAT.;Si
1;2;25;253;253,7;FAB. COLAS Y GELATINAS;Si
1;2;25;253;253,8;FAB. EXPLOSIVOS;Si
1;2;25;253;253,9;FAB. OTROS PTOS. QUIMICOS USO INDUSTRIAL;Si
1;2;25;254;;FABRICACION DE PRODUCTOS FARMACEUTICOS;
1;2;25;254;254,1;FAB. PTOS. FARMACEUTICOS DE BASE;Si
1;2;25;254;254,2;FAB. ESPECIALIDADES FARMACEUTICAS;Si
1;2;25;255;;FAB.OTROS PROD.QUIM. DEST. AL CONS.FINAL;
1;2;25;255;255,1;FAB. JABONES COMUNES, DETERGENTES, LEJIA;Si
1;2;25;255;255,2;FAB. JABONES TOCADOR Y PTOS. PERFUMERIA;Si
1;2;25;255;255,3;FAB. DERIVADOS DE CERAS Y PARAFINAS;Si
1;2;25;255;255,4;FAB. MATERIAL FOTOGRAFICO SENSIBLE;Si
1;2;25;255;255,5;FAB. ART. PIROTECNICOS, Y FOSFOROS;Si
1;2;25;255;255,9;FAB. OTROS PTOS. QUIMICOS DE CONSUMO;Si
1;3;;;;IND.TRANSF. DE METALES,MEC. DE PRECISION;
1;3;31;;;FAB.PROD. MET. (EXC.MAQ. Y MATER.TRANS.);
1;3;31;311;;FUNDICIONES;
1;3;31;311;311,1;FUNDICION PIEZAS DE HIERRO Y ACERO;Si
1;3;31;311;311,2;FUNDICION PIEZAS METALES NO FERREOS;Si
1;3;31;312;;FORJA,ESTAMPADO,EMBUTICION,TROQUELADO;Si
1;3;31;312;312,1;PIEZAS FORJADAS;
1;3;31;312;312,2;PIEZAS ESTAMPADAS O TROQUELADAS;
1;3;31;312;312,3;PIEZAS EMBUTIDAS, CORTADAS;
1;3;31;313;;TRATAMIENTO Y RECUBRIMIENTO DE METALES;Si
1;3;31;313;313,1;TRATAMIENTO DE METALES;
1;3;31;313;313,2;RECUBRIMIENTOS METALICOS;
1;3;31;313;313,9;TRAT. PROTECCION DE METALES;
1;3;31;314;;FAB. PRODUCTOS METALICOS EXTRUCTURALES;
1;3;31;314;314,1;FAB. ART. CARPINTERIA METALICA;Si
1;3;31;314;314,2;FAB. ESTRUCTURAS METALICAS;Si
1;3;31;315;;CONSTRUCC. DEPOSITOS Y CALDERERIA;Si
1;3;31;315;315,1;GRANDES CALDERAS;
1;3;31;315;315,2;GRANDES DEPOSITOS METALICOS;
1;3;31;316;;FAB.HERR.ACABADAS EN MET.(EXC.MAT.ELEC.);
1;3;31;316;316,1;FAB. HERRAMIENTAS MANUALES;Si
1;3;31;316;316,2;FAB. ARTICULOS DE FERRETERIA/CERRAJERIA;Si
1;3;31;316;316,3;TORNILLERIA Y ART. DERIVADOS ALAMBRE;Si
1;3;31;316;316,4;FAB. ART. MENAJE;Si
1;3;31;316;316,5;FAB. COCINAS, CALENTADORES, CALEFACCION;Si
1;3;31;316;316,6;FAB. MOBILIARIO METALICO;Si
1;3;31;316;316,7;FAB. RECIPIENTES Y ENVASES METALICOS;Si
1;3;31;316;316,8;FAB. ARMAS LIGERAS Y SUS MUNICIONES;Si
1;3;31;316;316,9;OTROS ART. ACABADOS EN METALES NCOP;Si
1;3;31;319;;TALLERES MECANICOS INDEPENDIENTES;
1;3;31;319;319,1;TALLERES DE MECANICA EN GENERAL;Si
1;3;31;319;319,9;TALLERES MECANICOS NCOP;Si
1;3;32;;;CONST. MAQ. Y EQUIPO MECANICO;
1;3;32;321;;CONST. MAQ. Y TRACTORES AGRICOLAS;
1;3;32;321;321,1;CONSTRUCC. MAQ. AGRICOLAS;Si
1;3;32;321;321,2;CONSTRUCC. TRACTORES AGRICOLAS;Si
1;3;32;322;;CONST. MAQ. PARA METALES, MADERA, CORCHO;
1;3;32;322;322,1;CONS. MAQUINAS PARA TRABAJAR METALES;Si
1;3;32;322;322,2;CONST. MAQUINAS TRABAJAR MADERA/CORCHO;Si
1;3;32;322;322,3;FAB.UTILES PARA MAQUINAS HERRAMIENTAS;Si
1;3;32;323;;CONST. MAQ. IND. TEX.CUERO,CALZ.,VESTIDO;
1;3;32;323;323,1;CONST. MAQUINAS TEXTILES Y ACCESORIOS;Si
1;3;32;323;323,2;CONST. MAQUINAS INDUST. CUERO Y CALZADO;Si
1;3;32;323;323,3;FAB. MAQUINAS DE COSER;Si
1;3;32;324;;CONST. MAQ. IND. ALIM.QUIM.PLAST.CAUCHO;
1;3;32;324;324,1;MAQUINAS IND. ALIMENT.,BEBIDAS Y TAB.;Si
1;3;32;324;324,2;CONST.MAQUINAS PARA INDUSTRIA QUIMICA;Si
1;3;32;324;324,3;CONST.MAQ.IND._DEL CAUCHO Y PLASTICOS;Si
1;3;32;325;;CONST. MAQ. MIN.CONST.OB.PUB.SIDER.OTROS;
1;3;32;325;325,1;CONST.MAQ. MINERIA Y CONSTRUCCION;Si
1;3;32;325;325,2;CONST. MAQUINAS IND. MINERALES NO METAL;Si
1;3;32;325;325,3;CONST. MAQ. PARA SIDERURGIA Y FUNDICION;Si
1;3;32;325;325,4;CONST. MAQ. ELEVACION Y MANIPULACION;Si
1;3;32;326;;CONST. ORGANOS DE TRANSMISION;
1;3;32;326;326,1;FAB.ENGRANAJES,CADENAS DE TRANSMISION;Si
1;3;32;326;326,2;FAB. DE RODAMIENTOS;Si
1;3;32;329;;CONST. OTRAS MAQUINAS Y EQUIPO MECANICO;
1;3;32;329;329,1;CONST. MAQ. IND. PAPEL, CARTON Y AA.GG.;Si
1;3;32;329;329,2;CONST.MAQ. DE LAVADO Y LIMPIEZA EN SECO;Si
1;3;32;329;329,3;CONST. MOTORES Y TURBINAS (EXC.TRANSPOR);Si
1;3;32;329;329,4;CONST. MAQ. MANIPULACION DE FLUIDOS;Si
1;3;32;329;329,9;CONST. OTRAS MAQ. Y EQUIPOS NCOP;Si
1;3;33;;;CONST. MAQ. OFIC. Y ORDENADORES(I.INST.);
1;3;33;330;;CONS.MAQ.DE OFICINA Y ORDENADORES;Si
1;3;33;330;330,1;CONS. MAQ. DE OFICINA Y ORDENADORES;
1;3;33;330;330,2;INSTALAC. MAQ. OFICINA Y ORDENADORES;
1;3;34;;;CONST. MAQ. Y MATERIAL ELECTRICO;
1;3;34;341;;FAB.HILOS Y CABLES ELECTRICOS;Si
1;3;34;341;341,1;FAB. HILOS Y CABLES AISLADOS COMUNICAC.;
1;3;34;341;341,2;FAB.HILOS Y CABLES PARA ELECTRICIDAD;
1;3;34;341;341,3;FAB. HILOS Y CABLES PARA BOBINAS;
1;3;34;341;341,4;FAB.CORDONES FLEXIBLES E HILOS AISLADOS;
1;3;34;341;341,5;FAB. HILOS Y CABLES PARA CONSTRUCCION;
1;3;34;341;341,9;FAB. OTROS HILOS Y CABLES AISLADOS;
1;3;34;342;;FAB.MATERIAL ELECTRICO DE USO Y EQUIP.;Si
1;3;34;342;342,1;MAQUINAS TRASFORMACION ELECTRICIDAD;
1;3;34;342;342,2;OTRO MATERIAL ELECTRICO;
1;3;34;343;;FABRICACION PILAS Y ACUMULADORES;Si
1;3;34;343;343,1;FAB. PILAS ELECTRICAS;
1;3;34;343;343,2;FAB. ACUMULADORES ELECTRICOS;
1;3;34;343;343,3;FAB. ACCESORIOS DE PILAS Y ACUMULADORES;
1;3;34;344;;FAB. CONTADORES Y APARATOS DE MEDIDA;Si
1;3;34;345;;FAB. APARATOS ELECTRODOMESTICOS;Si
1;3;34;345;345,1;FAB.COCINAS,HORNOS,PLACAS, Y DEMAS;
1;3;34;345;345,2;FAB.REFRIGERADORES Y CONGELADORES;
1;3;34;345;345,3;FAB. LAVAVAJILLAS,LAVADORAS Y SECADORAS;
1;3;34;345;345,4;FAB.CALENTADORES Y CALEFACC. ELECTRICA;
1;3;34;345;345,5;FAB.VENTILADORES Y ACONDICIONADORES;
1;3;34;345;345,6;FAB.APARATOS ELEC. AUXILIARES COCINA;
1;3;34;345;345,7;FAB.APAR.ELECTRICOS PARA EL HOGAR;
1;3;34;345;345,8;FAB. OTROS APARATOS ELECTRICOS;
1;3;34;345;345,9;FAB. ACCESORIOS DE APAR. ELECTRODOMEST.;
1;3;34;346;;FAB. LAMPARAS Y MATERIAL DE ALUMBRADO;Si
1;3;34;346;346,1;FAB. LAMPARAS ELECTRICAS;
1;3;34;346;346,2;FAB.LUMINARIAS DE ALTA INTENSIDAD;
1;3;34;346;346,3;FAB. ART. CARBON Y GRAFITO USO ELECTRIC.;
1;3;34;346;346,4;FAB. OTRO MATERIAL DE ALUMBRADO;
1;3;34;346;346,5;FAB. ACCESORIOS MATERIAL ALUMBRADO;
1;3;35;;;FAB. DE MATERIAL ELECTRONICO (EXC. ORD.);
1;3;35;351;;FAB. DE APARATOS Y EQUIPO DE TELECOM.;
1;3;35;351;351,1;FAB. APARATOS TELEFONICOS Y TELEGRAFICOS;Si
1;3;35;351;351,2;FAB.APARATOS TELECOMUNICACION RADIODIF.;Si
1;3;35;352;;FAB. APARATOS USO PROFESIONAL CIENTIFICO;Si
1;3;35;353;;FAB.APARAT.SEÑALIZACION,CONTROL;Si
1;3;35;354;;FAB.COMPONENTES ELECTRONICOS Y CIRCUITOS;Si
1;3;35;354;354,1;FAB. VALVULAS Y TUBOS ELECTRONICOS;
1;3;35;354;354,2;FAB. OTROS COMPONENTES ELECTRONICOS;
1;3;35;354;354,3;FAB. COMPONENTES ELECTRONICOS PASIVOS;
1;3;35;354;354,4;ACCESORIOS DE COMPONENTES ELECTRONICOS;
1;3;35;355;;FAB. DE APARATOS DE SONIDO E IMAGEN;
1;3;35;355;355,1;FAB. RECEPTORES RADIO, TV, Y SONIDO;Si
1;3;35;355;355,2;EDICION SOPORTES AUDIO,VIDEO,INFORMATICA;Si
1;3;36;;;CONST. VEHICULOS AUTO. Y PIEZAS REPUESTO;
1;3;36;361;;CONSTRUCCION DE VEHICULOS AUTOMOVILES;Si
1;3;36;361;361,1;AUTOMOVILES DE TURISMO;
1;3;36;361;361,2;AUTOBUSES Y AUTOCARES;
1;3;36;361;361,3;CAMIONES;
1;3;36;361;361,4;OTROS VEHICULOS AUTOMOVILES;
1;3;36;361;361,5;MOTORES PARA VEHICULOS AUTOMOVILES;
1;3;36;361;361,6;CHASIS CON MOTOR PARA AUTOMOVILES;
1;3;36;361;361,7;COMPONENTES PARA VEHICULOS AUTOMOVILES;
1;3;36;362;;CONSTRUCC. CARROCERIAS, REMOLQUES...;Si
1;3;36;362;362,1;CARROCERIAS AUTOMOVILES Y REMOLQUES;
1;3;36;362;362,2;REMOLQUES Y VOLQUETES;
1;3;36;363;;FAB.EQUIPO,COMPONENTES,REPUESTOS, COCHES;Si
1;3;36;363;363,1;REPUESTOS Y ACCESORIOS MOTORES AUTOS;
1;3;36;363;363,2;ACCESORIOS Y REPUESTOS CARROCERIAS AUTO;
1;3;36;363;363,9;OTROS ACCESORIOS Y REPUESTOS AUTOMOVILES;
1;3;37;;;CONST. NAVAL, REPAR. Y MANT. DE BUQUES;
1;3;37;371;;CONSTRUCCION NAVAL;Si
1;3;37;371;371,1;BUQUES DE CASCO DE ACERO;
1;3;37;371;371,2;BUQUES DE CASCO DE MADERA;
1;3;37;371;371,3;BUQUES DE CASCO DE PLASTICO;
1;3;37;371;371,4;ARTEFACTOS FLOTANTES;
1;3;37;371;371,5;MOTORES, Y TURBINAS PARA EMBARCACIONES;
1;3;37;371;371,6;ACCESORIOS Y REPUESTOS EMBARCACIONES;
1;3;37;372;;REPARACION Y MANTENIMIENTO DE BUQUES;Si
1;3;37;372;372,1;SERV.REPARACION Y MANTENIM. BUQUES;
1;3;37;372;372,2;SERV.DESGUACE DE EMBARCACIONES;
1;3;38;;;CONST. DE OTRO MATERIAL DE TRANSPORTE;
1;3;38;381;;CONST.REPARAC.MANTENIM. FERROCARRILES;Si
1;3;38;381;381,1;MATERIAL FERROVIARIO;
1;3;38;381;381,2;SERV. REPARACION MATERIAL FERROVIARIO;
1;3;38;382;;CONSTRUCC.REPARACION, MANT. AERONAVES;Si
1;3;38;382;382,1;AERONAVES E INGENIOS ESPACIALES;
1;3;38;382;382,2;SERV. REPARACION Y MANTENIMIENTO AVIONES;
1;3;38;383;;CONSTRUCC. BICICLETAS Y MOTOCICLETAS;Si
1;3;38;383;383,1;MOTOCICLETAS, Y CICLOMOTORES;
1;3;38;383;383,2;BICICLETAS, TRICICLOS Y MONOCICLOS;
1;3;38;383;383,3;VEHICULOS ESPECIALES CON MEC. PROPULSION;
1;3;38;383;383,4;MOTORES PARA MOTOS, CICLIMOTORES;
1;3;38;383;383,5;ACCESORIOS PARA MOTOS Y BICICLETAS;
1;3;38;389;;CONSTRUCC. OTRO MATERIAL TRANSPORTE NCOP;Si
1;3;38;389;389,1;REMOLQUES AGRICOLAS;
1;3;38;389;389,2;VEHICULOS ACCIONADOS A MANO;
1;3;38;389;389,9;ACCESORIOS PARA OTRO MATERIAL TTE. NCOP;
1;3;39;;;FAB. INSTRUM. DE PRECISION OPTICA Y SIM.;
1;3;39;391;;FAB.INSTRUM. PRECISION,MEDIDA,CONTROL;Si
1;3;39;391;391,1;CONTADORES NO ELECTRICOS;
1;3;39;391;391,2;INSTRUMENTOS PARA LA NAVEGACION;
1;3;39;391;391,3;INSTRUMENTOS TOPOGRAFIA,METEREOLOGIA,...;
1;3;39;391;391,4;INSTRUM. MEDIDA DENSIDAD, TEMPERATURA...;
1;3;39;391;391,5;INSTRUM. ENSAYOS MECANICOS DE MATERIALES;
1;3;39;391;391,6;BALANZAS DE PRECISION;
1;3;39;391;391,7;OTROS INSTRUM. PRECISION;
1;3;39;391;391,8;ACCESORIOS INSTRUM. APARAT. PRECISION;
1;3;39;392;;FAB. MAT. MEDICO-QUIR. Y APAR. ORTOPED.;
1;3;39;392;392,1;FAB. MATERIAL MEDICO-QUIRURGICO;Si
1;3;39;392;392,2;FAB. APARATOS PROTESIS Y ORTOPEDIA;Si
1;3;39;393;;FAB. INSTRUM. OPTICOS Y MAT. FOTO Y CINE;
1;3;39;393;393,1;FAB.INSTRUM.OPTICOS Y MAT. FOTOGRAFICO;Si
1;3;39;393;393,2;FAB. MONTURAS PARA GAFAS NO PLASTICAS;Si
1;3;39;399;;FAB. RELOJES Y OTROS INSTRUMENTOS NCOP;Si
1;3;39;399;399,1;RELOJES Y CRONOGRAFOS PULSERA Y BOLSILLO;
1;3;39;399;399,2;RELOJES DESPERTADORES;
1;3;39;399;399,3;RELOJES DE PARED Y SOBREMESA;
1;3;39;399;399,4;RELOJES PARA VEHICULOS;
1;3;39;399;399,5;RELOJES DE TORRE, ESTACION,...;
1;3;39;399;399,6;APARATOS CON MECANISMOS DE RELOJERIA;
1;3;39;399;399,7;MAQUINAS DE RELOJ MONTADAS;
1;3;39;399;399,8;CAJAS DE RELOJES;
1;3;39;399;399,9;ACCESORIOS DE RELOJES Y OTROS INSTRUM.;
1;4;;;;OTRAS INDUSTRIAS MANUFACTURERAS;
1;4;41;;;INDUSTR. DE PROD. ALIMENTICIOS Y BEBIDAS;
1;4;41;411;;FAB. Y EMVASADO DE ACEITE DE OLIVA;
1;4;41;411;411,1;FAB. Y ENVASADO DE ACEITE DE OLIVA;Si
1;4;41;411;411,2;FAB. ACEITE DE OLIVA;Si
1;4;41;411;411,3;ENVASADO DE ACEITE DE OLIVA;Si
1;4;41;412;;FAB. ACEITE Y GRASAS (EXCEPTO OLIVA);
1;4;41;412;412,1;EXTRACC. Y ENVASADO ACEITES SEMILLAS;Si
1;4;41;412;412,2;OBTENC.Y ENVASADO GRASAS ANIMALES MAR;Si
1;4;41;412;412,3;REFINADO Y OTROS TRATAMIENTOS GRASAS;Si
1;4;41;412;412,4;OBTENCION Y ENVASADO MARGARINA;Si
1;4;41;413;;SACRIF.PREP.CONSERV. GANADO E INCUB.AVES;
1;4;41;413;413,1;SACRIFICIO Y DESPIECE DE GANADO;Si
1;4;41;413;413,2;FAB.PTOS.CARNICOS DE TODAS CLASES;Si
1;4;41;413;413,3;SALAS DESPIECE AUTONOMAS;Si
1;4;41;413;413,4;INCUBACION Y VENTA DE POLLUELOS;Si
1;4;41;414;;INDUSTRIAS LACTEAS;
1;4;41;414;414,1;PREPARACION DE LECHE;Si
1;4;41;414;414,2;PREPARACION LECHE EN CONSERVA;Si
1;4;41;414;414,3;FAB. QUESO Y MANTEQUILLA;Si
1;4;41;414;414,4;ELABORACION DE HELADOS Y SIMILARES;Si
1;4;41;415;;FAB. JUGOS Y CONSERVAS VEGETALES;Si
1;4;41;415;415,1;CONSERVAS VEGETALES;
1;4;41;415;415,2;EXTRACTOS,ZUMOS Y OTROS PREPARADOS;
1;4;41;415;415,3;LIMPIEZA,CLASIFIC.Y ENVASE FRUTAS;
1;4;41;416;;FAB. CONSERVAS PESCADO;Si
1;4;41;416;416,1;CONSERVAS DE PESCADO;
1;4;41;416;416,2;PTOS.RESIDUALES CONSERVACION PESCADO;
1;4;41;417;;FAB. PRODUCTOS DE MOLINERIA;
1;4;41;417;417,1;FAB. HARINAS Y SEMOLAS;Si
1;4;41;417;417,2;FAB. OTROS PTOS. MOLINERIA;Si
1;4;41;418;;FAB. PASTAS ALIMENT. Y PROD. AMILACEOS;
1;4;41;418;418,1;FAB. PASTAS ALIMENTICIAS;Si
1;4;41;418;418,2;FAB. PTOS. AMILACEOS;Si
1;4;41;419;;INDUST. PAN,BOLLERIA,PASTEL. Y GALLETAS;
1;4;41;419;419,1;INDUSTRIA DEL PAN Y BOLLERIA;Si
1;4;41;419;419,2;INDUST. BOLLERIA Y PASTELERIA;Si
1;4;41;419;419,3;INDUST. ELABORACION MASAS FRITAS;Si
1;4;42;;;INDUST. OT. PROD.ALIMENT. BEBIDAS Y TAB.;
1;4;42;420;;INDUSTRIAS DEL AZUCAR;Si
1;4;42;420;420,1;AZUCAR Y JARABES DE AZUCAR;
1;4;42;420;420,2;PTOS. RESIDUALES DE LA INDUSTRIA AZUCAR;
1;4;42;421;;INDUST. CACAO CHOCOL. Y PROD. CONFITERIA;
1;4;42;421;421,1;INDUSTRIA CACAO Y CHOCOLATE;Si
1;4;42;421;421,2;ELABORACION PTOS. CONFITERIA;Si
1;4;42;422;;INDUST. PROD.ALIMENT.ANIMAL (I.HAR.PES.);
1;4;42;422;422,1;FORRAJES DESHIDRATADOS ALIMENTAC. ANIMAL;Si
1;4;42;422;422,2;HARINAS PESCADO Y OTROS PTOS. PIENSOS;Si
1;4;42;422;422,3;ELAB.PIENSOS COMP. CUALQ.CLASE(EXC.4224);Si
1;4;42;422;422,4;ELAB.PIENSOS COMP. ANIMALES DOMESTICOS;Si
1;4;42;423;;ELABORACION DE PRODUC. ALIMENT. DIVERSOS;
1;4;42;423;423,1;ELAB. CAFE, TE, Y SUCEDANEOS;Si
1;4;42;423;423,2;ELAB. SOPAS PREPARADAS Y CONDIMENTOS;Si
1;4;42;423;423,3;ELAB. PTOS. DIETETICOS Y DE REGIMEN;Si
1;4;42;423;423,9;ELAB. OTROS PTOS. ALIMENTICIOS NCOP;Si
1;4;42;424;;INDUST. ALCOHOLES ETILICOS DE FERMENT.;
1;4;42;424;424,1;DESTILACION Y RECTIFICACION ALCOHOLES;Si
1;4;42;424;424,2;OBTENCION AGUARDIENTES NATURALES;Si
1;4;42;424;424,3;OBTENC. AGUARDIENTES COMPUESTOS;Si
1;4;42;425;;INDUST. VINICOLAS;
1;4;42;425;425,1;ELABORACION Y CRIANZA DE VINOS;Si
1;4;42;425;425,2;ELABORACION DE VINOS ESPUMOSOS;Si
1;4;42;425;425,3;ELABORACION OTROS VINOS ESPECIALES;Si
1;4;42;425;425,9;OTRAS INDUSTRIAS VINICOLAS NCOP;Si
1;4;42;426;;SIDRERIAS;Si
1;4;42;426;426,1;SIDRA Y OTRAS BEBIDAS FERMENTADAS;
1;4;42;426;426,2;PTOS. RESIDUALES DE SIDRERIAS;
1;4;42;427;;FAB. CERVEZA Y MALTA DE CERVEZA;Si
1;4;42;427;427,1;CERVEZA Y MALTA DE CERVEZA;
1;4;42;427;427,2;SUBPRODUCTOS RESIDUALES DE CERVEZA;
1;4;42;428;;INDUST. AGUAS MINERALES,GASEOSAS Y OTRAS;
1;4;42;428;428,1;PREP. Y ENVASADO DE AGUAS MINERALES;Si
1;4;42;428;428,2;FAB. AGUAS GASEOSAS Y OTRAS BEBIDAS SIN;Si
1;4;42;429;;INDUST. DEL TABACO;
1;4;42;429;429,1;ELAB. CIGARROS, CIGARRILLOS DE TABACO;Si
1;4;42;429;429,2;PRIMERA TRANSFORMACION TABACO;Si
1;4;43;;;INDUST. TEXTIL;
1;4;43;431;;INDUST. ALGODON Y SUS MEZCLAS;
1;4;43;431;431,1;PREP. FIBRAS DE ALGODON;Si
1;4;43;431;431,2;HILADO Y RETORCIDO DEL ALGODON;Si
1;4;43;431;431,3;TEJIDO ALGODON Y SUS MEZCLAS;Si
1;4;43;432;;INDUST. LANA Y SUS MEZCLAS;
1;4;43;432;432,1;PREP. FIBRAS LANA;Si
1;4;43;432;432,2;HILADO Y RETORCIDO LANA;Si
1;4;43;432;432,3;TEJIDO DE LANA;Si
1;4;43;433;;INDUSTRIA DE LA SEDA NATURAL;Si
1;4;43;433;433,1;PTOS. IND. SEDA NATURAL Y SUS MEZCLAS;
1;4;43;433;433,2;PREP. HILADO Y TEJIDO DE FIBRAS SINTETIC;
1;4;43;434;;INDUSTRIA DE LAS FIBRAS DURAS Y MEZCLAS;Si
1;4;43;434;434,1;FIBRAS DURAS PREPARADAS PARA HILADO;
1;4;43;434;434,2;SUBPRODUCTOS DE LA PREP. FIBRAS DURAS;
1;4;43;434;434,3;HILADOS Y RETORCIDOS DE FIBRAS DURAS;
1;4;43;434;434,4;TEJIDOS DE FIBRAS DURAS Y SUS MEZCLAS;
1;4;43;435;;FAB. GENEROS DE PUNTO;
1;4;43;435;435,1;FAB. GENEROS DE PUNTO EN PIEZA;Si
1;4;43;435;435,2;FAB. CALCETERIA;Si
1;4;43;435;435,3;FAB. PRENDAS INTERIORES PUNTO;Si
1;4;43;435;435,4;FAB. PRENDAS EXTERIORES DE PUNTO;Si
1;4;43;436;;ACABADO DE TEXTILES;Si
1;4;43;436;436,1;TEXTILES BLANQUEADOS;
1;4;43;436;436,2;TEXTILES TEåIDOS;
1;4;43;436;436,3;TEXTILES ESTAMPADOS;
1;4;43;436;436,9;TEXTILES APRESTADOS Y MERCERIZADOS;
1;4;43;437;;FAB. ALFOMBRAS Y TAPIZES Y TEJIDOS IMPR.;
1;4;43;437;437,1;FAB. ALFOMBRAS Y TAPICES;Si
1;4;43;437;437,2;FAB. TEJIDOS IMPREGNADOS;Si
1;4;43;439;;OTRAS INDUSTRIAS TEXTILES;
1;4;43;439;439,1;CORDELERIA;Si
1;4;43;439;439,2;FAB. FIELTROS, TULES, ENCAJES, ETC.;Si
1;4;43;439;439,3;FAB. TEXTILES CON FIBRAS RECUPERACION;Si
1;4;43;439;439,9;OTRAS INDUSTRIAS TEXTILES NCOP;Si
1;4;44;;;INDUST. DEL CUERO;
1;4;44;441;;CURTICION Y ACABADO DE CUEROS Y PIELES;Si
1;4;44;441;441,1;CUEROS Y PIELES NO ACABADAS;
1;4;44;441;441,2;CUEROS Y PIELES ACABADAS;
1;4;44;441;441,3;CUEROS Y PIELES REGENERADAS, SUBPRODUCT.;
1;4;44;442;;FAB. ARTICULOS DE CUERO Y SIMILARES;
1;4;44;442;442,1;FAB.ART. MARROQUINERIA Y VIAJE;Si
1;4;44;442;442,2;FAB. GUANTES DE PIEL;Si
1;4;44;442;442,9;FAB. OTROS ARTICULOS DE CUERO NCOP;Si
1;4;45;;;INDUST. CALZADO,VESTIDO Y OTR. CONF.TEX.;
1;4;45;451;;FAB. SERIE CALZADO (EXCEP. CAUCHO/MADER);Si
1;4;45;451;451,1;PTOS. INTERMEDIOS DE FAB. CALZADO;
1;4;45;451;451,2;CALZADO DE CALLE FAB. EN SERIE;
1;4;45;451;451,3;ZAPATILLAS DE CASA, CALZADOS ESPECIALES;
1;4;45;451;451,4;RECORTES Y DESPERDICIOS DE CUERO;
1;4;45;452;;FAB. CALZADO ARTESANIA Y A MEDIDA;Si
1;4;45;452;452,1;CALZADO ARTESANIA Y MEDIDA;
1;4;45;452;452,2;CALZADO ORTOPEDICO;
1;4;45;453;;CONFECC. TODA CLASE PRENDAS VESTIR;Si
1;4;45;454;;CONFECC. MEDIDA PRENDAS VESTIR;Si
1;4;45;454;454,1;PRENDAS VESTIR HECHAS A MEDIDA;
1;4;45;454;454,2;SOMBREROS Y ACCESORIOS PARA EL VESTIDO;
1;4;45;455;;CONFEC. DE OTROS ART. CON MATERIAS TEXT.;
1;4;45;455;455,1;CONFECC. ART. TEXTILES HOGAR/TAPICERIA;Si
1;4;45;455;455,9;CONFECC. OTROS ART. TEXTILES NCOP;Si
1;4;45;456;;INDUST. DE LA PELETERIA;
1;4;45;456;456,1;PELETERIA NATURAL;Si
1;4;45;456;456,2;PELETERIA ARTIFICIAL;Si
1;4;46;;;INDUST. MADERA, CORCHO Y MUEBLES DE MAD.;
1;4;46;461;;ASERRADO Y PREP. INDUSTRIAL DE LA MADERA;Si
1;4;46;461;461,1;PTOS. ASERRADO Y PREP. IND. MADERA;
1;4;46;461;461,2;PTOS. RESIDUALES IND. MADERA;
1;4;46;462;;FAB. PRODUC. SEMIELABORADOS DE MADERA;
1;4;46;462;462,1;CHAPAS DE MADERA;Si
1;4;46;462;462,2;MADERAS CHAPADAS, CONTRACHAPADAS, ETC;Si
1;4;46;462;462,3;TABLEROS, PANELES DE FIBRAS Y DE PART.;Si
1;4;46;462;462,4;MADERAS MEJORADAS;Si
1;4;46;463;;FAB. SERIE PIEZAS DE CARPINTERIA;Si
1;4;46;463;463,1;PUERTAS Y VENTANAS DE MADERA;
1;4;46;463;463,2;PARQUET, ENTARIMADO Y ADOQUINES MADERA;
1;4;46;463;463,3;OTRAS PIEZAS CARPINTERIA PARA CONSTRUCC.;
1;4;46;463;463,4;ELEM. ESTRUCTURALES Y PREFABRIC. MADERA;
1;4;46;464;;FAB. ENVASES Y EMBALAJES DE MADERA;Si
1;4;46;464;464,1;ENVASES Y EMBALAJES INDUSTRIALES MADERA;
1;4;46;464;464,2;TONELERIA;
1;4;46;464;464,3;ESTUCHES, BAULES, MALETAS DE MADERA;
1;4;46;465;;FAB. OBJETOS DIVERSOS DE MADERA;Si
1;4;46;465;465,1;OBJETOS MADERA DE USO DOMESTICO;
1;4;46;465;465,2;HERRAMIENTAS, MANGOS, MONTURAS DE MADERA;
1;4;46;465;465,3;ART. MADERA PARA FAB. CALZADO;
1;4;46;465;465,4;ART. MADERA PARA IND. TEXTIL;
1;4;46;465;465,5;CALZADO DE MADERA;
1;4;46;465;465,6;HARINA Y LANA DE MADERA;
1;4;46;465;465,9;OTROS OBJETOS MADERA NCOP;
1;4;46;466;;FAB. PRODUCTOS CORCHO;Si
1;4;46;466;466,1;PRODUCTOS DE CORCHO;
1;4;46;466;466,2;PTOS. RESIDUALES FAB. CORCHO;
1;4;46;467;;FAB. ART. JUNCO, CAÑA Y CESTERIA;Si
1;4;46;467;467,1;ARTICULOS DE MATERIAS TRENZABLES;
1;4;46;467;467,2;CEPILLOS, BROCHAS, ESCOBAS Y SIMILARES;
1;4;46;468;;INDUST. MUEBLE DE MADERA;
1;4;46;468;468,1;FAB. MOBILIARIO DE MADERA PARA EL HOGAR;Si
1;4;46;468;468,2;FAB. MOBILIARIO MADERA ESCOLAR Y OFICINA;Si
1;4;46;468;468,3;FAB. MUEBLES DIV. MADERA, JUNCO, MIMBRE;Si
1;4;46;468;468,4;FAB. ATAUDES;Si
1;4;46;468;468,5;ACTIV. ANEXAS IND. MUEBLE;Si
1;4;47;;;"INDUST. PAPEL Y DERIV.;ARTES GRAF.Y EDI.";
1;4;47;471;;FAB. PASTA PAPELERA;Si
1;4;47;471;471,1;PASTA PAPELERA;
1;4;47;471;471,2;SUBPRODUCTOS PASTA PAPELERA;
1;4;47;472;;FAB. PAPEL Y CARTON;Si
1;4;47;472;472,1;PAPEL Y CARTON;
1;4;47;472;472,2;PTOS. RESIDUALES FAB. PAPEL Y CARTON;
1;4;47;473;;TRANSFORMACION DE PAPEL Y CARTON;
1;4;47;473;473,1;FAB. CARTON ONDULADO Y SUS ARTICULOS;Si
1;4;47;473;473,2;FAB. OTROS ART. Y ENVASES PAPEL Y CARTON;Si
1;4;47;473;473,3;FAB. ART. OFICINA, ESCRITORIO, EN PAPEL;Si
1;4;47;473;473,4;FAB. ART. DECORACION EN PAPEL Y CARTON;Si
1;4;47;473;473,9;FAB. OTROS MANIPULADOS PAPEL Y CARTON;Si
1;4;47;474;;ARTES GRAFICAS (IMPRESION GRAFICA);Si
1;4;47;474;474,1;IMPRESION TEXTOS E IMAGENES;
1;4;47;474;474,2;IMPRESION DE PRENSA DIARIA;
1;4;47;474;474,3;REPRODUCCION TEXTOS E IMAGENES;
1;4;47;475;;ACTIVIDADES ANEXAS ARTES GRAFICAS;Si
1;4;47;475;475,1;ESTEREOTIPIA, GOMAS CAUCHO, RODILLOS...;
1;4;47;475;475,2;COMPOSICION TEXTOS;
1;4;47;475;475,3;REPRODUCCION TEXTOS;
1;4;47;475;475,4;ENCUADERNACION;
1;4;47;476;;EDICION;
1;4;47;476;476,1;EDICION DE LIBROS;Si
1;4;47;476;476,2;EDICION DE PERIODICOS Y REVISTAS;Si
1;4;47;476;476,9;OTRAS EDICIONES NCOP;Si
1;4;48;;;INDUST. DE TRANSF. DEL CAUCHO Y PLASTICO;
1;4;48;481;;TRANSFORMACION DEL CAUCHO;
1;4;48;481;481,1;FAB. CUBIERTAS Y CAMARAS;Si
1;4;48;481;481,2;RECAUCHUTADO Y RECONSTRUCCION CUBIERTAS;Si
1;4;48;481;481,9;FAB. OTROS ART. CAUCHO NCOP;Si
1;4;48;482;;TRANSFORMACION DE MATERIAS PLASTICAS;
1;4;48;482;482,1;FAB. PTOS. SEMIELABORADOS PLASTICO;Si
1;4;48;482;482,2;FAB. ART. ACABADOS MATERIAS PLASTICAS;Si
1;4;49;;;OTRAS INDUSTRIAS MANUFACTURERAS;
1;4;49;491;;JOYERIA Y BISUTERIA;
1;4;49;491;491,1;JOYERIA;Si
1;4;49;491;491,2;BISUTERIA;Si
1;4;49;492;;FAB. INSTRUMENTOS DE MUSICA;Si
1;4;49;492;492,1;INSTRUMENTOS DE CUERDA DE TECLADO;
1;4;49;492;492,2;INSTRUMENTOS DE VIENTO DE TECLADO;
1;4;49;492;492,3;INSTRUMENTOS DE CUERDA;
1;4;49;492;492,4;INSTRUMENTOS VIENTO;
1;4;49;492;492,5;INSTRUMENTOS PERCUSION;
1;4;49;492;492,6;INSTRUMENTOS MUSICALES ELECTRONICOS;
1;4;49;492;492,7;OTROS INSTRUMENTOS MUSICALES;
1;4;49;492;492,8;PARTES, PIEZAS SUELTAS INSTRUM.MUSICALES;
1;4;49;493;;LABORATORIOS FOTOGRAFICOS Y CINEMAT.;Si
1;4;49;493;493,1;PELICULAS Y COPIAS CINE REVELADAS;
1;4;49;493;493,2;PLACAS, PELICULAS, NAGATIVAS Y DIAPOSIT.;
1;4;49;493;493,3;COPIAS FOTOGRAFICAS Y AMPLIACIONES;
1;4;49;494;;FAB. DE JUEGOS, JUGETES Y ART. DEPORTE;
1;4;49;494;494,1;FAB. JUEGOS, JUGUETES Y ART. PUERICULT.;Si
1;4;49;494;494,2;FAB. ART. DEPORTE;Si
1;4;49;495;;INDUST. MANUFACTURERAS DIVERSAS;
1;4;49;495;495,1;FAB. ART. ESCRITORIO;Si
1;4;49;495;495,9;FAB. OTROS ART. NCOP;Si
1;5;;;;CONSTRUCCION;
1;5;50;;;CONSTRUCCION;
1;5;50;501;;EDIFICACION Y OBRA CIVIL;
1;5;50;501;501,1;CONSTRUCCION COMPLETA, REPAR. Y CONSERV.;Si
1;5;50;501;501,2;CONSTRUCC. COMPLETA OBRAS CIVILES;Si
1;5;50;501;501,3;ALBAÑILERIA Y PEQ. TRABAJOS CONSTRUCCION;Si
1;5;50;502;;TERRENOS,DEMOLICIONES,AGUAS Y PAVIMENTOS;
1;5;50;502;502,1;DEMOLICIONES Y DERRIBOS EN GENERAL;Si
1;5;50;502;502,2;CONSOLIDACION Y PREPARACION DE TERRENOS;Si
1;5;50;502;502,3;CONSOLID. Y PREP. TERRENOS OBRAS CIVILES;Si
1;5;50;502;502,4;CIMENTACIONES Y PAVIMENTACIONES;Si
1;5;50;502;502,5;CIMENTACIONES Y PAVIMENTAC.OBRAS CIVILES;Si
1;5;50;502;502,6;PERFORACIONES ALUMBRAMIENTO DE AGUAS;Si
1;5;50;503;;ESTRUCTURAS,CUBIERTAS,POSTES,TORRES,ETC.;
1;5;50;503;503,1;PREP. MONTAJE ESTRUCTURAS Y CUBIERTAS;Si
1;5;50;503;503,2;PREP. ESTRUC. CUBIERTAS EN OBRAS CIVILES;Si
1;5;50;503;503,3;MONTAJE ESTRUC. METALICAS TTE. Y OBRAS;Si
1;5;50;503;503,4;OBRAS SIN MAQUINAS Y SIN MAS 4 OBREROS;Si
1;5;50;504;;INSTALACIONES Y MONTAJES;
1;5;50;504;504,1;INSTALACIONES ELECTRICAS EN GENERAL;Si
1;5;50;504;504,2;INSTALACIONES FONTANERIA;Si
1;5;50;504;504,3;INSTALACIONES FRIO Y CALOR;Si
1;5;50;504;504,4;INSTALACIONES PARARRAYOS;Si
1;5;50;504;504,5;INSTALACION COCINAS;Si
1;5;50;504;504,6;INSTALACION APARATOS ELEVADORES;Si
1;5;50;504;504,7;INSTALACIONES TELEFONICAS;Si
1;5;50;504;504,8;MONTAJES METALICOS E INSTALAC. INDUSTR.;Si
1;5;50;505;;ACABADO DE OBRAS;
1;5;50;505;505,1;REVESTIMIENTOS EXTERIORES E INTERIORES;Si
1;5;50;505;505,2;SOLADOS Y PAVIMENTOS;Si
1;5;50;505;505,3;SOLADOS Y PAVIMENTOS DE MADERA;Si
1;5;50;505;505,4;COLOCACION DE AISLAMIENTOS EN EDIFICIOS;Si
1;5;50;505;505,5;CARPINTERIA Y CERRAJERIA;Si
1;5;50;505;505,6;PINTURA, Y REVESTIMIENTOS EN PAPEL;Si
1;5;50;505;505,7;ESCAYOLA Y YESOS;Si
1;5;50;506;;SERVICIOS AUX. DE LA CONST. Y DRAGADOS;
1;5;50;506;506;INSTALACION DE ANDAMIOS, CIMBRAS, ETC.;Si
1;5;50;507;;CONSTRUCCION DE TODA CLASE DE OBRAS;Si
1;5;50;508;;AGRUPACIONES Y UNIONES TEMPOR. EMPRESAS;Si
1;6;;;;COMERCIO,RESTAUR.,HOSPEDAJE Y REPARACION;
1;6;61;;;COMERCIO AL POR MAYOR;
1;6;61;611;;COM. MAY. TODA CLASE DE MERCANCIAS;Si
1;6;61;612;;COM. MAT.PRIM.AGR.,ALIMENT.,BEB. Y TAB.;
1;6;61;612;612,1;COM.MAY.PTOS.ALIMENTIC.BEBIDAS Y TABACOS;Si
1;6;61;612;612,2;COM.MAY.CEREALES,PLANTAS,ABONOS,ANIMALES;Si
1;6;61;612;612,3;COM.MAY.FRUTAS Y VERDURAS;Si
1;6;61;612;612,4;COM.MAY. CARNES,HUEVOS,AVES Y CAZA;Si
1;6;61;612;612,5;COM.MAY.LECHE,PTOS.LACTEOS, MIEL, ACEITE;Si
1;6;61;612;612,6;COM.MAY.BEBIDAS Y TABACO;Si
1;6;61;612;612,7;COM.MAY. VINOS Y VINAGRES DEL PAIS;Si
1;6;61;612;612,8;COM.MAY. PESCADOS;Si
1;6;61;612;612,9;COM.MAY.OTROS PTOS. ALIMENT.,HELADOS ETC;Si
1;6;61;613;;COM. TEXT., CONFEC., CALZADO Y ART.CUERO;
1;6;61;613;613,1;COM.MAY.PTOS.TEXTILES,CONFECC, Y CALZADO;Si
1;6;61;613;613,2;COM.MAY.TEJIDOS POR METROS, ALFOMBRAS;Si
1;6;61;613;613,3;COM.MAY. PRENDAS EXTERIORES VESTIR;Si
1;6;61;613;613,4;COM.MAY.CALZADO,PELETERIA,MARROQUINERIA;Si
1;6;61;613;613,5;COM.MAY.CAMISERIA,LENCERIA,MERCERIA,...;Si
1;6;61;613;613,9;COM.MAY.ACCESORIOS VESTIDO NCOP;Si
1;6;61;614;;COM. PROD.FARMAC., PERFUM. Y HOGAR;
1;6;61;614;614,1;COM.MAY.PTOS.FARMACEUTICOS Y MEDICAMENTO;Si
1;6;61;614;614,2;COM.MAY.PTOS.PERFUMERIA,DROGUERIA;Si
1;6;61;614;614,3;COM.MAY.PTOS.MANTENIMIENTO HOGAR;Si
1;6;61;614;614,4;COM. MAY. PRODUCTOS ZOOSANITARIOS;Si
1;6;61;615;;COM. ARTICULOS DE CONSUMO DURADERO;
1;6;61;615;615,1;COM.MAY.VEHICULOS Y SUS ACCESORIOS;Si
1;6;61;615;615,2;COM.MAY. DE MUEBLES;Si
1;6;61;615;615,3;COM. MAY. APARATOS ELECTRODOMESTICOS;Si
1;6;61;615;615,4;COM.MAY.APAR.Y MAT. ELECTRONICO;Si
1;6;61;615;615,5;COMERCIO AL POR MAYOR DE OBRAS DE ARTE;Si
1;6;61;615;615,6;GALERIAS DE ARTE;Si
1;6;61;615;615,9;COM.MAY.OTROS ART. CONSUMO DURADERO NCOP;Si
1;6;61;616;;COM. INTERINDUST. DE LA MINERIA Y QUIM.;
1;6;61;616;616,1;COM.MAY. CARBON;Si
1;6;61;616;616,2;COM.MAY. HIERRO Y ACERO;Si
1;6;61;616;616,3;COM.MAY. MINERALES;Si
1;6;61;616;616,4;COM.MAY. METALES NO FERREOS;Si
1;6;61;616;616,5;COM.MAY. PETROLEO Y LUBRICANTES;Si
1;6;61;616;616,6;COM.MAY.PTOS. QUIMICOS INDUSTRIALES;Si
1;6;61;616;616,9;COM.MAY.PTOS.INTERINDUSTRIALES Y QUIMIC.;Si
1;6;61;617;;OTRO COM. INTERINDUST.(EXC.MINER.Y QUI.);
1;6;61;617;617,1;COM.MAY.FIBRAS TEXTILES BRUTAS;Si
1;6;61;617;617,2;COM.MAY. CUEROS Y PIELES EN BRUTO;Si
1;6;61;617;617,3;COM.MAY. MADERA Y CORCHO;Si
1;6;61;617;617,4;COM.MAY. MATERIALES CONSTRUCCION;Si
1;6;61;617;617,5;COM.MAY. MAQUINARIA PARA MADERA Y METAL;Si
1;6;61;617;617,6;COM.MAY. MAQUINARIA AGRICOLA;Si
1;6;61;617;617,7;COM.MAY. MAQUINARIA TEXTIL;Si
1;6;61;617;617,8;COM.MAY. MAQUINAS Y MATERIAL OFICINA;Si
1;6;61;617;617,9;COM.MAY.INTERINDUSTRIAL EXCEP. QUIMICA;Si
1;6;61;618;;COMERCIALES EXPORT. Y ZONAS FRANCAS;
1;6;61;618;618,1;EXPORTACION TODA CLASE MERCANCIAS;Si
1;6;61;618;618,2;COM.MAY.MERCANCIAS EN ZONAS FRANCAS;Si
1;6;61;619;;OTRO COMERCIO N.C.O.P.;
1;6;61;619;619,1;COM.MAY. JUGUETES Y ARTICULOS DEPORTE;Si
1;6;61;619;619,2;COM.MAY. INSTRUM. MEDICOS Y ORTOPEDICOS;Si
1;6;61;619;619,3;COM.MAY. METALES PRECIOSOS, Y JOYERIA;Si
1;6;61;619;619,4;COM.MAY.PTOS. DE PAPEL Y CARTON;Si
1;6;61;619;619,5;COM.MAY.ART.PAPELERIA Y ESCRITORIO;Si
1;6;61;619;619,6;COM.MAY. LIBROS, PERIODICOS Y REVISTAS;Si
1;6;61;619;619,7;COM.MAY.INSTRUM.PRECISION Y MEDIDA;Si
1;6;61;619;619,8;COMPRA-VENTA DE GANADO;Si
1;6;61;619;619,9;COM.MAY.OTROS PRODUCTOS NCOP;Si
1;6;62;;;RECUPERACION DE PRODUCTOS;
1;6;62;621;;COM.MAY.CHATARRA Y METALES DESECHO;Si
1;6;62;622;;COM.MAY.OTROS PTOS. RECUPERACION;Si
1;6;62;623;;RECUPERACION Y COM. RESIDUOS SIN ESTABL.;Si
1;6;63;;;INTERMEDIARIOS DEL COMERCIO;
1;6;63;631;;INTERMEDIARIOS DEL COMERCIO;Si
1;6;64;;;COMERCIO AL POR MENOR DE PROD. ALIMEN.;
1;6;64;641;;COM.MEN.FRUTAS,VERDURAS;Si
1;6;64;642;;COM. DERIV. CARNE, AVES, CONEJOS Y CAZA;
1;6;64;642;642,1;COM.MEN.CARNES,HUEVOS,CAZA Y GRANJA;Si
1;6;64;642;642,2;COM.MEN.CARNICERIAS-CHARCUTERIAS;Si
1;6;64;642;642,3;COM.MEN.CARNICERIAS-SALCHICHERIAS;Si
1;6;64;642;642,4;COM.MEN.CARNICERIAS;Si
1;6;64;642;642,5;COM.MEN.HUEVOS,AVES,GRANJA Y CAZA;Si
1;6;64;642;642,6;COM.MEN.CASQUERIAS;Si
1;6;64;643;;COM. DERIV. PESCA Y CARACOLES;
1;6;64;643;643,1;COM.MEN.PESCADOS;Si
1;6;64;643;643,2;COM.MEN.BACALAO Y SALAZONES;Si
1;6;64;644;;COM. PAN, PAST., CONF. Y PRODUC. LACTEOS;
1;6;64;644;644,1;COM.MEN.PAN,PASTELES,CONFITERIA,LACTEOS;Si
1;6;64;644;644,2;DESPACHOS PAN, PAN ESPECIAL, Y BOLLERIA;Si
1;6;64;644;644,3;COM.MEN.PTOS.PASTELERIA,BOLLERIA;Si
1;6;64;644;644,4;COM.MEN.HELADOS;Si
1;6;64;644;644,5;COM.MEN.BOMBONES Y CARAMELOS;Si
1;6;64;644;644,6;COM.MEN.MASAS FRITAS;Si
1;6;64;645;;COM.MEN.VINOS Y BEBIDAS;Si
1;6;64;646;;COM. TABACOS Y ARTICULOS DE FUMADOR;
1;6;64;646;646,1;COM.MEN.TABACOS EN EXPENDIDURIA;Si
1;6;64;646;646,2;COM.MEN.TABACO EXTENSIONES TRANSITORIAS;Si
1;6;64;646;646,3;COM.MEN.TABACO EXPENDIDURIAS COMPLEMENT.;Si
1;6;64;646;646,4;COM.MEN.TABACO CON VENTA POR RECARGO;Si
1;6;64;646;646,5;COM.MEN.TABACO MAQUINAS AUTOMATICAS;Si
1;6;64;646;646,6;COM.MEN.TABACOS VENTA NO ESTANCADA;Si
1;6;64;646;646,7;COM.MEN.ARTICULOS FUMADORES POR MINUSV.;Si
1;6;64;646;646,8;COM.MEN. ARTICULOS PARA FUMADORES;Si
1;6;64;647;;COM. PROD. ALIMENT. Y BEBIDAS EN GENERAL;
1;6;64;647;647,1;COM.MEN.PTOS.ALIMENTICIOS Y BEBIDAS;Si
1;6;64;647;647,2;COM.MEN.PTOS.ALIMENTICIOS MENOS 120 M2;Si
1;6;64;647;647,3;COM.MEN.PTOS.ALIMENTICIOS 120 - 399 M2;Si
1;6;64;647;647,4;COM.MEN.PTOS.ALIMENTICIOS SUP.400 M2;Si
1;6;64;647;647,5;PTOS.ALIMENTICIOS Y BEB. MAQUINAS;Si
1;6;65;;;COMERCIO AL POR MENOR DE PROD. INDUST.;
1;6;65;651;;COM. PROD.TEXT.,CONF.,CALZ.,PIEL Y CUERO;
1;6;65;651;651,1;COM.MEN.PTOS.TEXTILES PARA EL HOGAR;Si
1;6;65;651;651,2;COM.MEN.PRENDAS DE VESTIR Y TOCADO;Si
1;6;65;651;651,3;COM.MEN.LENCERIA Y CORSETERIA;Si
1;6;65;651;651,4;COM.MEN.MERCERIA Y PAQUETERIA;Si
1;6;65;651;651,5;COM.MEN.PRENDAS ESPECIALES;Si
1;6;65;651;651,6;COM.MEN.CALZADO Y COMPLEMENTOS PIEL;Si
1;6;65;651;651,7;COM.MEN.CONFECCIONES DE PELETERIA;Si
1;6;65;652;;COM. MEDICAM. Y PROD. FARMAC. Y HERBOL.;
1;6;65;652;652,1;FARMACIAS;Si
1;6;65;652;652,2;COM.MEN.PTOS.DROGUERIA,PERFUMERIA;Si
1;6;65;652;652,3;COM.MEN.PTOS.PERFUMERIA Y COSMETICA;Si
1;6;65;652;652,4;COM.MEN.PLANTAS Y HIERBAS,HERBOLARIOS;Si
1;6;65;653;;COM. ART. PARA EQUIP. DE HOGAR Y CONST.;
1;6;65;653;653,1;COM.MEN.MUEBLES (EXCEPTO OFICINA);Si
1;6;65;653;653,2;COM.MEN.APARATOS DE USO DOMESTICO;Si
1;6;65;653;653,3;COM.MEN.ART.MENAJE,FERRETERIA,ADORNO;Si
1;6;65;653;653,4;COM.MEN.MATERIALES DE CONSTRUCCION;Si
1;6;65;653;653,5;COM.MEN.PUERTAS,VENTANAS Y PERSIANAS;Si
1;6;65;653;653,6;COM. MEN. ARTICULOS DE BRICOLAGE;Si
1;6;65;653;653,9;COM.MEN.ART.HOGAR NCOP;Si
1;6;65;654;;COM. VEHIC.,AERONAV.,EMBARC.,ACCES.,REC.;
1;6;65;654;654,1;COM.MEN.VEHICULOS TERRESTRES;Si
1;6;65;654;654,2;COM.MEN.ACCESORIOS Y RECAMBIOS VEHICULOS;Si
1;6;65;654;654,3;COM.MEN.VEHICULOS AEREOS;Si
1;6;65;654;654,4;COM.MEN.VEHICULOS FLUVIALES Y MARITIMOS;Si
1;6;65;654;654,5;COM.MEN.DE TODA CLASE DE MAQUINARIA;Si
1;6;65;654;654,6;COM.MEN.CUBIERTAS,BANDAS Y CAMARAS AIRE;Si
1;6;65;655;;COM. COMBUST., CARBURANTES Y LUBRICANTES;
1;6;65;655;655,1;COM.MEN.COMBUSTIBLES TODAS CLASES;Si
1;6;65;655;655,2;COM.MEN.GASES COMBUSTIBLES;Si
1;6;65;655;655,3;COM.MEN.CARBURANTES Y ACEITES VEHICULOS;Si
1;6;65;656;;COM. MEN. DE BIENES USADOS;Si
1;6;65;657;;COM.MEN. INSTRUMENTOS MUSICA Y ACCESORIO;Si
1;6;65;659;;OTRO COMERCIO AL POR MENOR;
1;6;65;659;659,1;COM.MEN.SELLOS,MONEDAS,MEDALLAS,COLECC.;Si
1;6;65;659;659,2;COM.MEN.MUEBLES Y MAQUINAS DE OFICINA;Si
1;6;65;659;659,3;COM.MEN.APARATOS MEDICOS, ORTOPEDICOS;Si
1;6;65;659;659,4;COM.MEN.LIBROS,PERIODICOS,REVISTAS.;Si
1;6;65;659;659,5;COM.MEN.ART.JOYERIA,RELOJERIA,BISUTERIA;Si
1;6;65;659;659,6;COM.MEN.JUGUETES,ART.DEPORTE,ARMAS...;Si
1;6;65;659;659,7;COM.MEN.SEMILLAS,ABONOS,FLORES,PLANTAS;Si
1;6;65;659;659,8;"COM.MEN.""SEX-SHOP""";Si
1;6;65;659;659,9;COM.MEN.OTROS PTOS. NCOP;Si
1;6;66;;;COMERCIO MIXTO,INTEGRADO,AMB.,EXPOS,CAT.;
1;6;66;661;;COM. MIXTO O INTEGRADO EN GRAND. SUPERF.;
1;6;66;661;661,1;COM.MEN.GRANDES ALMACENES;Si
1;6;66;661;661,2;COM.MEN.EN HIPERMERCADOS;Si
1;6;66;661;661,3;COM.MEN.ALMACENES POPULARES;Si
1;6;66;662;;COMERCIO MIXTO O INTEGRADO AL POR MENOR;
1;6;66;662;662,1;COM.MEN.EN ECONOMATOS Y COOP. DE CONSUMO;Si
1;6;66;662;662,2;COM.MEN.TODA CLASE ART. EN OTROS LOCALES;Si
1;6;66;663;;COM. FUERA DE UN ESTABLECIMIENTO;
1;6;66;663;663,1;COM.MEN.PTOS.ALIMENTICIOS SIN ESTABLEC.;Si
1;6;66;663;663,2;COM.MEN.TEXTILES Y CONFECC.SIN ESTABLEC.;Si
1;6;66;663;663,3;COM.MEN.CALZADO SIN ESTABLECIMIENTO;Si
1;6;66;663;663,4;COM.MEN.DROGUERIA SIN ESTABLECIMIENTO;Si
1;6;66;663;663,9;COM.MEN.OTRAS MERCANCIAS SIN ESTABLECIM.;Si
1;6;66;664;;COM. EN EXPOSIT. Y APARAT. AUTOMATICOS;
1;6;66;664;664,1;VENTA ARTICULOS DIVERSOS EN EXPOSITORES;Si
1;6;66;664;664,9;COM.MEN.ART.DIVERSOS EN MAQUINAS;Si
1;6;66;665;;COM.MEN.POR CORREO O CATALOGO;Si
1;6;67;;;SERVICIO DE ALIMENTACION;
1;6;67;671;;EN RESTAURANTES;
1;6;67;671;671,1;RESTAURANTES CINCO TENEDORES;Si
1;6;67;671;671,2;RESTAURANTES CUATRO TENEDORES;Si
1;6;67;671;671,3;RESTAURANTES DE TRES TENEDORES;Si
1;6;67;671;671,4;RESTAURANTES DE DOS TENEDORES;Si
1;6;67;671;671,5;RESTAURANTES DE UN TENEDOR;Si
1;6;67;672;;EN CAFETERIAS;
1;6;67;672;672,1;CAFETERIAS TRES TAZAS;Si
1;6;67;672;672,2;CAFETERIAS DOS TAZAS;Si
1;6;67;672;672,3;CAFETERIAS DE UNA TAZA;Si
1;6;67;673;;EN CAFES, BARES, CON Y SIN COMIDA;
1;6;67;673;673,1;BARES CATEGORIA ESPECIAL;Si
1;6;67;673;673,2;OTROS CAFES Y BARES;Si
1;6;67;674;;ESPECIALES EN REST., CAFET. Y CAFE-BAR;
1;6;67;674;674,1;CAFE-BAR EN VEHICULO;Si
1;6;67;674;674,2;CAFE-BAR EN FERROCARRILES;Si
1;6;67;674;674,3;CAFE-BAR EN BARCOS;Si
1;6;67;674;674,4;CAFE-BAR AERONAVES;Si
1;6;67;674;674,5;CAFE-BAR SOCIEDADES,CASINOS,CLUBES...;Si
1;6;67;674;674,6;CAFE-BAR TEATROS Y CINES;Si
1;6;67;674;674,7;SERVICIOS EN PARQUES O RECINTOS FERIALES;Si
1;6;67;675;;CAFES-BARES EN QUIOSCOS,CAJONES,BARRACAS;Si
1;6;67;676;;CHOCOLATERIAS,HELADERIAS Y HORCHATERIAS;Si
1;6;67;677;;S.PRESTADOS FUERA ESTABLEC. O.SERV.ALIM.;
1;6;67;677;677,1;HOSTELERIA Y RESTAURACION SIN ESTABLEC.;Si
1;6;67;677;677,9;OTROS SERV. ALIMENTACION - RESTAURACION;Si
1;6;68;;;SERVICIO DE HOSPEDAJE;
1;6;68;681;;HOSPEDAJE EN HOTELES Y MOTELES;Si
1;6;68;682;;HOSPEDAJE EN HOSTALES Y PENSIONES;Si
1;6;68;683;;HOSPEDAJES EN FONDAS Y CASAS HUESPEDES;Si
1;6;68;684;;HOSPEDAJE EN APARTA-HOTELES;Si
1;6;68;685;;ALOJAMIENTOS TURISTICOS EXTRAHOTELEROS;Si
1;6;68;686;;EXPLOTACION APARTAMENTOS PRIVADOS;Si
1;6;68;687;;CAMPAMENTOS TURISTICOS;
1;6;68;687;687,1;CAMPAMENTOS DE LUJO;Si
1;6;68;687;687,2;CAMPAMENTOS DE PRIMERA CLASE;Si
1;6;68;687;687,3;CAMPAMENTOS DE SEGUNDA CLASE;Si
1;6;68;687;687,4;CAMPAMENTOS DE TERCERA CLASE;Si
1;6;69;;;REPARACIONES;
1;6;69;691;;REP.ART.ELEC. HOGAR,VEHIC.Y OTROS BIENES;
1;6;69;691;691,1;REPARACION ART. ELECTRODOMESTICOS;Si
1;6;69;691;691,2;REPARACION AUTOMOVILES Y BICICLETAS;Si
1;6;69;691;691,9;REPARACION OTROS BIENES CONSUMO NCOP;Si
1;6;69;692;;REPARACION DE MAQUINARIA INDUSTRIAL;Si
1;6;69;699;;OTRAS REPARACIONES NCOP;Si
1;7;;;;TRANSPORTES Y COMUNICACIONES;
1;7;71;;;TRANSPORTE POR FERROCARRIL;
1;7;71;711;;TTE. FERROCARRIL DE VIA NORMAL;Si
1;7;71;711;711,1;TTE.FERROVIARIO DE VIAJEROS VIA NORMAL;
1;7;71;711;711,2;TTE.FERROVIARIO MERCACIAS VIA NORMAL;
1;7;71;712;;TTE. FERROVIARIO DE VIA ESTRECHA;Si
1;7;71;712;712,1;TTE.FERROVIARIO VIAJEROS VIA ESTRECHA;
1;7;71;712;712,2;TTE.FERROVIARIO MERCANCIAS VIA ESTRECHA;
1;7;72;;;OTROS TRANSPORTES TERRESTRES;
1;7;72;721;;TRANSPORTE DE VIAJEROS;
1;7;72;721;721,1;TTE. URBANO COLECTIVO;Si
1;7;72;721;721,2;TTE. POR AUTOTAXIS;Si
1;7;72;721;721,3;TTE. VIAJEROS POR CARRETERA;Si
1;7;72;721;721,4;TRANSPORTE SANITARIO EN AMBULANCIAS;Si
1;7;72;722;;TTE. MERCANCIAS POR CARRETERA;Si
1;7;72;729;;OTROS TTES. TERRESTRES NCOP;Si
1;7;72;729;729,1;TTE. FERROCARRIL DE CREMALLERA;
1;7;72;729;729,2;TTE. TELEFERICOS Y FUNICULARES;
1;7;72;729;729,3;OTROS SERVICIOS DE TTE. TERRESTRE;
1;7;73;;;TRANSP. MARIT. Y POR VIAS NAVEG. INTERI.;
1;7;73;731;;TRANSP. MARIT.INTERN.(EXC.CRUD.Y GASES);
1;7;73;731;731,1;TTE. MARITIMO INTERNACIONAL PASAJEROS;Si
1;7;73;731;731,2;TTE. MARITIMO INTERNACIONAL MERCANCIAS;Si
1;7;73;732;;TTE. MARITIMO DE CRUDOS Y GASES;Si
1;7;73;732;732,1;TTE. MARITIMO INTERNACIONAL PTOS PETROL.;
1;7;73;732;732,2;TTE. CABOTAJE PTOS. PETROLIFEROS Y GAS;
1;7;73;732;732,3;TTE. VIAS NAVEGABLES INTERIOR PETROL Y G;
1;7;73;733;;TRANSP. CABOT. Y V.N.(EXC.CRUD.Y GASES);
1;7;73;733;733,1;TTE. CABOTAJE Y VIAS INTERIOR VIAJEROS;Si
1;7;73;733;733,2;TTE. CABOTAJE Y VIAS INTERIOR MERCANCIAS;Si
1;7;73;733;733,3;TRANSBORDADORES, FERRY BOATS Y SIMIL;Si
1;7;73;733;733,4;TTE.MARITIMO PASAJEROS EN JET-FOIL;Si
1;7;74;;;TRANSPORTE AEREO;
1;7;74;741;;TRANSPORTE AEREO REGULAR;
1;7;74;741;741,1;TTE. AEREO NACIONAL DE VIAJEROS;Si
1;7;74;741;741,2;TTE. AEREO NACIONAL MERCANCIAS;Si
1;7;74;741;741,3;TTE. AEREO INTERNACIONAL DE VIAJEROS;Si
1;7;74;741;741,4;TTE. AEREO INTERNACIONAL MERCANCIAS;Si
1;7;74;742;;TRANSPORTE AEREO NO REGULAR;
1;7;74;742;742,1;TTE. AEREO NACIONAL VIAJEROS;Si
1;7;74;742;742,2;TTE. AEREO NACIONAL DE MERCANCIAS;Si
1;7;74;742;742,3;TTE. AEREO INTERNAC.VIAJEROS CHARTER;Si
1;7;74;742;742,4;TTE. AEREO INTERNAC. MERCANCIAS CHARTER;Si
1;7;75;;;ACTIVIDADES ANEXAS A LOS TRANSPORTES;
1;7;75;751;;ACT. ANEXAS AL TRANSP. TERRESTRE;
1;7;75;751;751,1;GUARDIA Y CUSTODIA VEHICULOS EN GARAJES;Si
1;7;75;751;751,2;GUARDIA Y CUSTODIA VEHICULOS PARKING;Si
1;7;75;751;751,3;GUARDIA Y CUSTODIA VEHICULOS EN SOLARES;Si
1;7;75;751;751,4;EXPLOTACION AUTOPISTAS Y TUNELES PEAJE;Si
1;7;75;751;751,5;ENGRASE Y LAVADO DE VEHICULOS;Si
1;7;75;751;751,6;SERVICIOS DE CARGA Y DESCARGA MERCANCIAS;Si
1;7;75;752;;ACT. ANEXAS AL TRANSP. MARIT. Y V. N. I.;
1;7;75;752;752,1;SERVICIOS PILOTAJE Y PRACTICOS PUERTOS;Si
1;7;75;752;752,2;SERVICIOS TRANSBORDO DE BARCOS;Si
1;7;75;752;752,3;SERVICIOS DE REMOLQUE DE NAVIOS;Si
1;7;75;752;752,4;SERVICIOS LIMPIEZA Y DESINFECCION BARCOS;Si
1;7;75;752;752,5;SERV. SALVAMENTO Y RECUPERACION BARCOS;Si
1;7;75;752;752,6;SERVICIOS CARGA Y DESCARGA DE BUQUES;Si
1;7;75;752;752,7;EXPLOTACION DE PUERTOS,CANALES Y DIQUES;Si
1;7;75;752;752,8;SERV. SEÑALES MARITIMAS Y COSTERAS;Si
1;7;75;753;;ACT. ANEXAS AL TRANSP. AEREO;
1;7;75;753;753,1;TERMINALES LINEAS TTE. AEREO AEROPUERTOS;Si
1;7;75;753;753,2;SERVICIO DE CONTROL DE NAVEGACION AEREA;Si
1;7;75;753;753,3;SERV. HANGARES Y ESTACIONAMIENTO AVIONES;Si
1;7;75;753;753,4;SERV. REMOLQUE, Y MANTENIMIENTO AVIONES;Si
1;7;75;753;753,5;EXPLOTACION INTEGRAL DE AEROPUERTOS;Si
1;7;75;753;753,9;OTROS SERV. ANEXOS AL TTE. AEREO NCOP;Si
1;7;75;754;;DEPOSITOS Y ALMACENES DE MERCANCIAS;
1;7;75;754;754,1;DEPOSITOS Y ALMACENES GENERALES;Si
1;7;75;754;754,2;DEPOSITOS Y ALMACENES DE VEHICULOS;Si
1;7;75;754;754,3;SILOS Y OTROS ALMACENES DE GRANOS;Si
1;7;75;754;754,4;ALMACENES FRIGORIFICOS;Si
1;7;75;754;754,5;ALMACENES Y DEPOSITOS DE LIQUIDOS;Si
1;7;75;754;754,6;GUARDAMUEBLES;Si
1;7;75;754;754,9;OTROS DEPOSITOS ESPECIALES NCOP;Si
1;7;75;755;;AGENCIAS DE VIAJES;Si
1;7;75;755;755,1;SERVICIOS A OTRAS AGENCIAS DE VIAJES;
1;7;75;755;755,2;SERV. AL PUBLICO DE AGENCIAS DE VIAJES;
1;7;75;756;;ACTIV. AUXILIARES Y COMPLEMENTARIAS TTE.;Si
1;7;75;756;756,1;AGENCIAS DE TTE., TRANSITARIOS;
1;7;75;756;756,2;CONSIGNATARIOS DE BUQUES;
1;7;75;756;756,9;OTROS SERVICIOS DE MEDIACION DEL TTE.;
1;7;75;757;;SERVICIO DE MUDANZAS;Si
1;7;76;;;TELECOMUNICACIONES;
1;7;76;761;;SERVICIOS TELEFONICOS;
1;7;76;761;761,1;SERVICIOS DE TELEFONIA FIJA;Si
1;7;76;761;761,2;SERVICIOS DE TELEFONIA MOVIL;Si
1;7;76;769;;OTROS SERVICIOS DE TELECOMUNICACION;Si
1;7;76;769;769,1;TELECOMUNICACION MOVIL;
1;7;76;769;769,2;TELETRANSMISION DE DATOS;
1;7;76;769;769,3;TELECOMUNICACION VIA SATELITE;
1;7;76;769;769,9;OTROS SERV. PRIVADOS TELECOMUNICACION;
1;8;;;;INST. FINACIERAS, SEGUROS.SER.PR. Y ALQ.;
1;8;81;;;INSTITUCIONES FINANCIERAS;
1;8;81;811;;BANCA;Si
1;8;81;812;;CAJAS DE AHORRO;Si
1;8;81;819;;OTRAS INSTITUCIONES FINANCIERAS;
1;8;81;819;819,1;INSTITUCIONES DE CREDITO;Si
1;8;81;819;819,2;ESTABLECIMIENTOS FINANCIEROS DE CREDITO;Si
1;8;81;819;819,3;"ESTABLEC.FINANCIEROS CREDITO ""PRESTAMOS""";Si
1;8;81;819;819,4;"ESTABLEC.FINANCIEROS CREDITO ""FACTORING""";Si
1;8;81;819;819,5;"ESTABLEC.FINANCIEROS CREDITO ""ARRENDAM.""";Si
1;8;81;819;819,6;ENTIDADES DE CAMBIO DE MONEDA;Si
1;8;81;819;819,9;OTRAS ENTIDADES FINANCIERAS NCOP;Si
1;8;82;;;SEGUROS;
1;8;82;821;;ENTIDADES ASEGURADORES DE VIDA Y CAPIT.;Si
1;8;82;821;821,1;SEGUROS DE VIDA;
1;8;82;821;821,2;SEGUROS DE CAPITALIZACION;
1;8;82;821;821,3;SEGUROS MIXTOS DE VIDA Y CAPITALIZACION;
1;8;82;822;;ASEGURADORAS DE ENFERMEDAD Y RIESGOS;Si
1;8;82;822;822,1;SEGUROS DE ASISTENCIA SANITARIA;
1;8;82;822;822,2;SEGUROS DE ENTIERRO;
1;8;82;822;822,3;SEGUROS DE DAåOS MATERIALES;
1;8;82;822;822,4;SEGUROS DE TRANSPORTES;
1;8;82;822;822,9;OTROS SEGUROS;
1;8;82;823;;OTRAS ENTIDADES ASEGURADORAS;Si
1;8;83;;;AUX.FINANCIEROS Y SEGUROS.ACT.INMOBILIA.;
1;8;83;831;;AUXILIARES FINANCIEROS;
1;8;83;831;831,1;SERV.COMPRA-VTA. DE VALORES MOBILIARIOS;Si
1;8;83;831;831,2;SER. FINANC. CONTRATACION PRODUCTOS;Si
1;8;83;831;831,3;SERV. DE COMPENSACION BANCARIA;Si
1;8;83;831;831,9;OTROS SERVICIOS FINANCIEROS NCOP;Si
1;8;83;832;;AUXILIARES DE SEGUROS;
1;8;83;832;832,1;AGENCIAS DE SEGUROS Y CORREDURIAS;Si
1;8;83;832;832,2;SERV. TASACION Y TARIFICACION SEGUROS;Si
1;8;83;832;832,9;OTROS SERV. AUXILIARES DE SEGUROS;Si
1;8;83;833;;PROMOCION INMOBILIARIA;
1;8;83;833;833,1;PROMOCION INMOBILIARIA DE TERRENOS;Si
1;8;83;833;833,2;PROMOCION INMOBILIARIA DE EDIFICACIONES;Si
1;8;83;834;;SERV. PROPIEDAD INMOBILIARIA E INDUSTRIA;Si
1;8;84;;;SERVICIOS PRESTADOS A LAS EMPRESAS;
1;8;84;841;;SERVICIOS JURIDICOS;Si
1;8;84;842;;SERVICIOS FINANCIEROS Y CONTABLES;Si
1;8;84;843;;SERV. TECNIC.(INGEN.,ARQUIT.,URBAN.,ETC);
1;8;84;843;843,1;SERVICIOS TECNICOS DE INGENIERIA;Si
1;8;84;843;843,2;SERV. TEC. DE ARQUITECTURA;Si
1;8;84;843;843,3;SERV. TEC. PROSPECCIONES Y GEOLOGIA;Si
1;8;84;843;843,4;SERV. TECNICOS DE TOPOGRAFIA;Si
1;8;84;843;843,5;SERV. TECNICOS DE DELINEACION;Si
1;8;84;843;843,6;INSPECCION TECNICA DE VEHICULOS;Si
1;8;84;843;843,9;OTROS SERVICIOS TECNICOS NCOP;Si
1;8;84;844;;SERVICIOS PUBLICIDAD, RELACIONES PUBLIC.;Si
1;8;84;845;;EXPLOTACION ELECTRONICA POR TERCEROS;Si
1;8;84;846;;EMPRESAS DE ESTUDIO DE MERCADO;Si
1;8;84;847;;SERV.INTEGRALES DE CORREOS Y TELECOMUNIC;Si
1;8;84;849;;OTROS SERVICIOS PRESTADOS N.C.O.P.;
1;8;84;849;849,1;COBROS DE DEUDAS Y CONFECCION FACTURAS;Si
1;8;84;849;849,2;SERV. MECANOGRAFICOS, TAQUIGRAFICOS, ETC;Si
1;8;84;849;849,3;SERV. TRADUCCION Y SIMILARES;Si
1;8;84;849;849,4;SERV. CUSTODIA, SEGURIDAD Y PROTECCION;Si
1;8;84;849;849,5;SERVICIOS MENSAJERIA,RECADER., Y REPARTO;Si
1;8;84;849;849,6;SERV.COLOCACION Y SUMINISTRO DE PERSONAL;Si
1;8;84;849;849,7;SERV. GESTION ADMINISTRATIVA;Si
1;8;84;849;849,8;MULTISERVICIOS INTENSIVOS EN PERSONAL;Si
1;8;84;849;849,9;OTROS SERVICIOS INDEPENDIENTES NCOP;Si
1;8;85;;;ALQUILER DE BIENES MUEBLES;
1;8;85;851;;ALQUILER MAQUINARIA Y EQUIPO AGRICOLA;Si
1;8;85;852;;ALQUILER MAQUINARIA Y EQUIP. CONSTRUCC.;Si
1;8;85;853;;ALQUILER MAQ. Y EQUIPO CONTABLE;Si
1;8;85;854;;ALQUILER AUTOMOVILES SIN CONDUCTOR;
1;8;85;854;854,1;ALQUILER AUTOMOVILES SIN CONDUCTOR;Si
1;8;85;854;854,2;"ALQUILER AUTOMOVILES EN ""RENTING""";Si
1;8;85;855;;ALQUILER DE OTROS MEDIOS DE TRANSPORTE;
1;8;85;855;855,1;ALQUILER DE AERONAVES DE TODAS CLASES;Si
1;8;85;855;855,2;ALQUILER DE EMBARCACIONES;Si
1;8;85;855;855,3;ALQUILER DE BICICLETAS;Si
1;8;85;855;855,9;ALQUILER OTROS MEDIOS TRANSP. N.C.O.P.;Si
1;8;85;856;;ALQUILER DE BIENES DE CONSUMO;
1;8;85;856;856,1;ALQUILER DE BIENES DE CONSUMO;Si
1;8;85;856;856,2;ALQUILER DE PELICULAS DE VIDEO;Si
1;8;85;857;;ALQUILER DE APARATOS DE MEDIDA;
1;8;85;857;857,1;ALQUILER DE APARATOS DE MEDIDA;Si
1;8;85;857;857,2;SERV.DE PESA A MEDIDA SIN ALQUILER;Si
1;8;85;857;857,3;ALQUILER CONTADORES PARA AUTOMOVILES;Si
1;8;85;857;857,4;ALQUILER, LEC., CONS., CONTADORES DE LUZ;Si
1;8;85;857;857,5;LECTURA Y CONS. CONTAD. LUZ TANTO ALZADO;Si
1;8;85;857;857,6;ALQUILER, LEC. Y CONS. CONTADORES GAS;Si
1;8;85;857;857,7;LECTURA Y CONS. DE CONTADORES DE GAS;Si
1;8;85;857;857,8;ALQUILER, LEC. Y CONS. CONTADORES AGUA;Si
1;8;85;857;857,9;LECTURA Y CONS. DE CONTADORES DE AGUA;Si
1;8;85;859;;ALQUILER OTROS BIENES MUEBLES NCOP;Si
1;8;86;;;ALQUILER DE BIENES INMUEBLES;
1;8;86;861;;ALQ. DE BIENES INMUEBLES DE NAT. URBANA;
1;8;86;861;861,1;ALQUILER DE VIVIENDAS;Si
1;8;86;861;861,2;ALQUILER LOCALES INDUSTRIALES;Si
1;8;86;862;;ALQUILER INMUEBLES RUSTICOS;Si
1;9;;;;OTROS SERVICIOS;
1;9;91;;;SERV. AGRIC. GANAD. FOREST. Y PESQUEROS;
1;9;91;911;;SERVICIOS AGRICOLAS Y GANADEROS;Si
1;9;91;912;;SERVICIOS FORESTALES,PESCA Y ACUICULTURA;Si
1;9;92;;;SERV. SANEA.,LIMPIEZA Y CONTRA INCENDIOS;
1;9;92;921;;SERV. SANEAMIENTO DE VIAS PUBLICAS;
1;9;92;921;921,1;SERV. LIMPIEZA DE VIAS Y JARDINES;Si
1;9;92;921;921,2;SERV. RECOGIDA DE BASURAS Y DESECHOS;Si
1;9;92;921;921,3;EXTERMINIO ANIMALES DAÑINOS Y DESIFECC.;Si
1;9;92;921;921,4;SERV.ALCANTARILLADO, EVACUACION AGUAS;Si
1;9;92;921;921,5;SERVICIOS INCINERACION, ELIM. BASURAS;Si
1;9;92;921;921,6;SERV.PROTECCION Y ACONDIC. AMBIENTAL;Si
1;9;92;921;921,7;SERV. PROTECCION CONTRA INCENDIOS;Si
1;9;92;921;921,8;SERV. ADMON. CEMENTERIOS;Si
1;9;92;921;921,9;OTROS SERVICIOS DE SANEAMIENTO N.C.O.P.;Si
1;9;92;922;;SERVICIOS DE LIMPIEZA;Si
1;9;92;922;922,1;SERV. LIMPIEZA INTERIORES;
1;9;92;922;922,2;SERV. ESPECIALIZADOS DE LIMPIEZA;
1;9;93;;;EDUCACION E INVESTIGACION;
1;9;93;931;;ENSE#ANZA REGLADA;
1;9;93;931;931,1;GUARDERIA Y ENSEÑANZA INFANTIL,EXCLUSIV.;Si
1;9;93;931;931,2;ENSEÑANZA DE EDUCACION BASICA;Si
1;9;93;931;931,3;ENSEÑANZA BACHILLERATO, F.P., Y C.O.U.;Si
1;9;93;931;931,4;ENSEÑANZA REGLADA (PREESC,EGB,BUP,FP,COU;Si
1;9;93;931;931,5;ENSEÑANZA DE EDUCACION SUPERIOR;Si
1;9;93;932;;ENSE#ANZA NO REGLADA Y EDUCACION SUPER.;
1;9;93;932;932,1;ENSEÑANZA FORMACION PROF. NO SUPERIOR;Si
1;9;93;932;932,2;ENSEÑANZA FORM. PROFESIONAL SUPERIOR;Si
1;9;93;933;;OTRA ACTIVIDADES DE ENSE#ANZA;
1;9;93;933;933,1;ENSEÑANZA CONDUCCION VEHICULOS;Si
1;9;93;933;933,2;PROMOC. CURSOS Y ESTUDIOS EN EL EXTRANJ.;Si
1;9;93;933;933,9;OTROS ACTIV. ENSEÑANZA;Si
1;9;93;934;;ENSEÑANZA FUERA ESTABLECIMIENTO PERMANEN;Si
1;9;93;935;;COLEGIOS MAYORES Y RESIDENCIAS DE ESTUD.;
1;9;93;935;935,1;COLEGIOS MAYORES;Si
1;9;93;935;935,2;RESIDENCIAS DE ESTUDIANTES;Si
1;9;93;936;;INVESTIGACION CIENTIFICA Y TECNICA;Si
1;9;93;936;936,1;INVESTIGACION CC. EXACTAS Y NATURALES;
1;9;93;936;936,2;INVESTIGACION CC. MEDICAS;
1;9;93;936;936,3;INVESTIGACIONES AGRARIAS;
1;9;93;936;936,4;INVEST. CC. SOCIALES,HUMANIDADES;
1;9;93;936;936,5;INVESTIGACION TECNICA INDUSTRIAL;
1;9;93;936;936,9;OTRAS INVESTIGACIONES CIENTIFICAS NCOP;
1;9;94;;;SANIDAD Y SERVICIOS VETERINARIOS;
1;9;94;941;;HOSPITALES,CLINICAS Y SANATORIOS;
1;9;94;941;941,1;HOSPITALES GENERALES;Si
1;9;94;941;941,2;HOSPITALES ESPECIALIZADOS;Si
1;9;94;942;;OTROS ESTAB.SANITARIOS,BALNEARIOS,BAåOS;
1;9;94;942;942,1;CONSULTORIOS MEDICOS, SANITARIOS...;Si
1;9;94;942;942,2;BALNEARIOS Y BAÑOS;Si
1;9;94;942;942,9;OTROS SERV. SANITARIOS;Si
1;9;94;943;;CONSULTAS CLINICAS ESTOMAT. Y ODONTOLOG.;Si
1;9;94;944;;SERV. NATUROPATIA,ACUPUNTURA,PARASANIT.;Si
1;9;94;945;;CONSULTAS Y CLINICAS VETERINARIAS;Si
1;9;95;;;ASISTENCIA Y SERVICIOS SOCIALES;
1;9;95;951;;ASISTENCIA Y SERV. SOCIALES DISMINUIDOS;Si
1;9;95;952;;ASIST. Y SERV. DISMINUIDOS NO RESIDENC.;Si
1;9;96;;;SERVICIOS RECREATIVOS Y CULTURALES;
1;9;96;961;;PRODUC. Y SERV. PELIC. CINEM.(I. VIDEOS);
1;9;96;961;961,1;PRODUCCION PELICULAS CINEMATOGRAFICAS;Si
1;9;96;961;961,2;DOBLAJE, MONTAJE DE PELICULAS;Si
1;9;96;961;961,3;DECORACIONES ESCENICAS PELICULAS;Si
1;9;96;962;;DISTRIBUCION PELIC. CINEM. Y VIDEOS;
1;9;96;962;962,1;DISTRIBUCION Y VENTA DE PELICULAS;Si
1;9;96;962;962,2;DISTRIBUCION Y VTA MAY. PELICULAS;Si
1;9;96;963;;EXHIBICION PELIC. CINEM. Y VIDEOS;
1;9;96;963;963,1;EXHIBICION DE PELICULAS CINEMATOGRAFICAS;Si
1;9;96;963;963,2;EXHIBICION PELICULAS AIRE LIBRE;Si
1;9;96;963;963,3;EXHIBICION PELICULAS SIN ESTABLECIMIENTO;Si
1;9;96;963;963,4;EXHIBICION PELICULAS ESTABLEC. DISTINTOS;Si
1;9;96;964;;SERV. RADIODIF. TV. Y ENLACE Y TRANS. TV;
1;9;96;964;964,1;SERVICIOS DE RADIODIFUSION;Si
1;9;96;964;964,2;SERVICIOS DE TELEVISION;Si
1;9;96;964;964,3;SERV.TRANSMISION Y ENLACE SEÑALES TV;Si
1;9;96;965;;ESPECTACULOS (EXCEPTO CINE Y DEPORTES);
1;9;96;965;965,1;ESPECTACULOS EN SALAS Y LOCALES;Si
1;9;96;965;965,2;ESPECTACULOS AL AIRE LIBRE;Si
1;9;96;965;965,3;ESPECTACULOS FUERA ESTABLECIMIENTO;Si
1;9;96;965;965,4;EMPRESAS DE ESPECTACULOS;Si
1;9;96;965;965,5;ESPECTACULOS TAURINOS;Si
1;9;96;966;;BIBLIOT.,ARCHIV.,MUSEOS,JARDINES Y ZOO;
1;9;96;966;966,1;BIBLIOTECAS Y MUSEOS;Si
1;9;96;966;966,2;ZOOLOGICOS, BOTANICOS Y SIMILARES;Si
1;9;96;966;966,9;OTROS SERVICIOS CULTURALES NCOP;Si
1;9;96;967;;INSTAL. DEPORT. Y ESCUELAS Y PERFEC.DEP.;
1;9;96;967;967,1;INSTALACIONES DEPORTIVAS;Si
1;9;96;967;967,2;ESCUELAS Y SERV. PERFECC. DEL DEPORTE;Si
1;9;96;967;967,3;ALQUILER ARTICULOS DEPORTE EN INST. DEP.;Si
1;9;96;968;;ESPECTACULOS DEPORTIVOS;
1;9;96;968;968,1;INSTALAC. CELEB. ESPECTACULOS DEPORTIVOS;Si
1;9;96;968;968,2;ORGANIZACION ESPECTACULOS DEPORTIVOS;Si
1;9;96;968;968,3;ORGANIZ.ESPECT.DEPORT. FEDERAC. Y CLUBES;Si
1;9;96;969;;OTROS SERVICIOS RECREATIVOS N.C.O.P.;
1;9;96;969;969,1;SALAS DE BAILE Y DISCOTECAS;Si
1;9;96;969;969,2;CASINOS DE JUEGO;Si
1;9;96;969;969,3;JUEGOS DE BINGO;Si
1;9;96;969;969,4;MAQUINAS RECREATIVAS Y DE AZAR;Si
1;9;96;969;969,5;JUEGOS BILLAR, PING-PONG, BOLOS Y OTROS;Si
1;9;96;969;969,6;SALONES RECREATIVOS Y DE JUEGO;Si
1;9;96;969;969,7;OTRAS MAQUINAS AUTOMATICAS;Si
1;9;97;;;SERVICIOS PERSONALES;
1;9;97;971;;LAVANDERIAS Y TINTORERIAS;
1;9;97;971;971,1;TINTE,LIMP. SECO, LAVADO Y PLANCHADO;Si
1;9;97;971;971,2;LIMPIEZA Y TEÑIDO DEL CALZADO;Si
1;9;97;971;971,3;ZURCIDO Y REPARACION DE ROPAS;Si
1;9;97;972;;PELUQUERIAS Y SALONES DE BELLEZA;
1;9;97;972;972,1;SERV. PELUQUERIA SEÑORAS Y CABALLEROS;Si
1;9;97;972;972,2;SALONES E INSTITUTOS DE BELLEZA;Si
1;9;97;973;;SERVICIOS FOTOGRAFICOS Y FOTOCOPIAS;
1;9;97;973;973,1;SERVICIOS FOTOGRAFICOS;Si
1;9;97;973;973,2;MAQUINAS AUTOMAT. FOTOGRAFIAS Y FOTOCOP.;Si
1;9;97;973;973,3;SERV. COPIAS DOCUMENTOS MAQ.FOTOCOPIA;Si
1;9;97;974;;AGENCIAS PRESTACION SERV. DOMESTICOS;Si
1;9;97;975;;SERVICIOS DE ENMARCACION;Si
1;9;97;979;;OTROS SERVICIOS PERSONALES N.C.O.P.;
1;9;97;979;979,1;SERV. POMPAS FUNEBRES;Si
1;9;97;979;979,2;ADORNO DE TEMPLOS Y OTROS LOCALES;Si
1;9;97;979;979,3;AGENCIAS MATRIMONIALES Y OTROS SERVICIOS;Si
1;9;97;979;979,4;ADIESTRAMIENTO Y CUIDADOS DE ANIMALES;Si
1;9;97;979;979,9;OTROS SERVICIOS PERSONALES NCOP;Si
1;9;98;;;PARQUES DE RECREO, FERIAS Y VERBENAS;
1;9;98;981;;JARD., PARQ.ATRACC. Y ACUAT. Y PIST.PAT.;
1;9;98;981;981,1;CURIOSIDADES EN PARQUES, GRUTAS, ...;Si
1;9;98;981;981,2;JARDINES DE RECREO;Si
1;9;98;981;981,3;PARQUES DE ATRACCIONES (TAMB. ACUATICOS);Si
1;9;98;982;;TOMBOL., VERB., LOTERIAS, APUEST.DEPORT.;
1;9;98;982;982,1;TOMBOLAS Y RIFAS AUTORIZADAS ESTABLECIM.;Si
1;9;98;982;982,2;TOMBOLAS Y RIFAS AUTOR. SIN ESTABLECIM.;Si
1;9;98;982;982,3;EXPOSICION FIGURAS DE CERA ESTABLECIM.;Si
1;9;98;982;982,4;OTRAS ATRACC.,SERVICIOS, FUERA ESTABLEC.;Si
1;9;98;982;982,5;ORGANIZ.Y CELEB.APUESTAS DEPORT.LOTERIA;Si
1;9;98;983;;AGENCIAS DE COLOCACION DE ARTISTAS;Si
1;9;98;989;;OTRAS ACTIV. DEL ESPECTACULO Y TURISMO;
1;9;98;989;989,1;EXPEDICION BILLETES ESPECTACULOS;Si
1;9;98;989;989,2;SERV. ORGANIZ. CONGRESOS,ASAMBLEAS, ...;Si
1;9;98;989;989,3;PARQUES O RECINTOS FERIALES;Si
1;9;99;;;SERVICIOS NO CLASIF. EN OTRAS RUBRICAS;
1;9;99;991;;PREST.SERV.SOCIED.DESARROLLO INDUS. REG.;Si
1;9;99;999;;OTROS SERVICIOS N.C.O.P.;
2;;;;;ACTIVIDADES PROFESIONALES;
2;0;;;;AGRIC.,GANAD.,CAZA,SILVICULTURA Y PESCA;
2;0;1;;;LICEN. BIOLOGICAS,ING.AGRONOMOS Y MONTES;
2;0;1;11;;DOCTORES Y LICENCIADOS EN BIOLOGIA;Si
2;0;1;12;;INGENIEROS AGRONOMOS Y DE MONTES;Si
2;0;1;13;;VETERINARIOS;Si
2;0;2;;;ING. TECN. AGRICOLAS, AGRONOMOS Y SIMIL.;
2;0;2;21;;TECNICOS BIOLOGIA, AGRONOMIA Y SILVICULT;Si
2;0;2;22;;INGENIEROS TEC. AGRICOLAS Y FORESTALES;Si
2;0;2;23;;INGENIEROS TECNICOS TOPOGRAFOS;Si
2;0;2;24;;AUXILIARES Y AYUDANTES VETERINARIA;Si
2;0;9;;;OTROS PROFESIONALES N.C.O.P.;
2;0;9;99;;OTRO PROFESIONALES AGRICULTURA... NCOP;Si
2;1;;;;ENERGIA, AGUA, MINERIA Y QUIMICA;
2;1;11;;;LICEN. FISICAS,GEOFIS.,GEOLOG. E I.MINAS;
2;1;11;111;;DRES.Y LICENCIADOS FISICAS Y GEOLOGICAS;Si
2;1;11;112;;INGENIEROS DE MINAS;Si
2;1;12;;;LICEN. QIMICAS;
2;1;12;121;;DRES. Y LICENCIADOS EN QUIMICAS;Si
2;1;13;;;ING. TECN. MINAS, FACULTATIVOS Y PERITOS;
2;1;13;131;;INGENIEROS TEC. MINAS FACULT. Y PERITOS;Si
2;1;19;;;OTROS PROFESIONALES N.C.O.P.;
2;1;19;199;;OTROS PROF. RELAC. ENERGIA,MINERIA,QUIM.;Si
2;2;;;;AERONAUTICA, TELECOMUN. Y MECANICA PREC.;
2;2;21;;;ING. AERON.,NAVALES,TELEC.,ARMAM.,CONST.;
2;2;21;211;;INGENIEROS AERONAUTICOS;Si
2;2;21;212;;INGENIEROS NAVALES;Si
2;2;21;213;;INGENIEROS TELECOMUNICACION;Si
2;2;21;214;;INGENIEROS ARMAMENTO;Si
2;2;22;;;ING. TECN. AERON.,ARMAM. Y CONSTRUCCION;
2;2;22;221;;INGENIEROS TEC. AERONAUTICOS;Si
2;2;22;222;;INGENIEROS TEC. TELECOMUNICACIONES;Si
2;2;22;223;;AYUDANTES INGENIEROS Y TECNICOS ICAI;Si
2;2;22;224;;DIBUJANTES TECNICOS;Si
2;2;22;225;;TECNICOS EN TELECOMUNICACION;Si
2;2;22;226;;TECNICOS EN SONIDO;Si
2;2;22;227;;TECNICOS EN ILUMINACION;Si
2;2;22;228;;INGENIEROS TECN. NAVALES,AYTES Y PERITOS;Si
2;2;29;;;OTROS PROFESIONALES N.C.O.P.;
2;2;29;299;;OTROS PROF.RELACION AERONAUTICA,COMUNIC.;Si
2;3;;;;INDUSTRIAS MANUFACTURERAS;
2;3;31;;;INGENIEROS INDUSTR. Y TEXT.;
2;3;31;311;;INGENIEROS INDUSTRIALES Y TEXTILES;Si
2;3;32;;;ING. TECN. INDUSTR. Y TEXT.,TEC.ART.GRA.;
2;3;32;321;;INGENIEROS TEC. INDUSTRIALES Y TEXTILES;Si
2;3;32;322;;TECNICOS EN ARTES GRAFICAS;Si
2;3;39;;;OTROS PROFESIONALES N.C.O.P.;
2;3;39;399;;OTROS PROFESIONALES INDUSTRIAS MANUFAC.;Si
2;4;;;;CONSTRUCCION;
2;4;41;;;ARQUITECTOS E ING. CAMIN.,CANAL. Y PUE.;
2;4;41;411;;ARQUITECTOS;Si
2;4;41;412;;INGENIEROS CAMINOS, CANALES Y PUERTOS;Si
2;4;42;;;ARQUITEC.TECN. E ING.TECN. CONSTRUCCION;
2;4;42;421;;ARQUITECTOS TECNICOS Y APAREJADORES;Si
2;4;42;422;;INGENIEROS TEC. OBRAS PUBLICAS;Si
2;4;43;;;DELINIANTES Y DECORADORES;
2;4;43;431;;DELINEANTES;Si
2;4;43;432;;DECORADORES-DISEÑADORES DE INTERIORES;Si
2;4;44;;;TECNICOS SUP. DESARROLLOS URBANISTICOS;
2;4;44;441;;TEC. SUPERIORES URBANISTICOS Y TOPOGRAFI;Si
2;4;45;;;INGENIEROS EN GEODESIA Y CARTOGRAFIA;
2;4;45;451;;INGENIEROS EN GEODESIA Y CARTOGRAFIA;Si
2;4;49;;;OTROS PROFESIONALES N.C.O.P.;
2;4;49;499;;OTROS PROFES. RELACIONADOS CONSTRUCCION;Si
2;5;;;;COMERCIO Y HOSTELERIA;
2;5;51;;;AGENTES COMERCIALES;
2;5;51;511;;AGENTES COMERCIALES;Si
2;5;52;;;TECNICOS EN HOSTELERIA;
2;5;52;521;;TECNICOS EN HOSTELERIA;Si
2;5;59;;;OTROS PROFESIONALES N.C.O.P.;
2;5;59;599;;OTROS PROF. RELAC. COMERCIO Y HOSTELERIA;Si
2;6;;;;TRANSPORTES Y COMUNICACIONES;
2;6;61;;;GESTORES O INTERMEDIARIOS Y CONDUCTORES;
2;6;61;611;;AGENTES DE FERROCARRILES;Si
2;6;61;612;;CONDUCTORES DE VEHICULOS TERRESTRES;Si
2;6;69;;;OTROS PROFESIONALES N.C.O.P.;
2;6;69;699;;OTROS PROFESIONALES RELAC. TRANSPORTE;Si
2;7;;;;ACTIV. FINANC.,JURIDICAS,SEGUROS,ALQUIL.;
2;7;71;;;SEGUROS;
2;7;71;711;;ACTUARIOS DE SEGUROS;Si
2;7;71;712;;AGENTES Y CORREDORES DE SEGUROS;Si
2;7;72;;;GESTORES PUBLICOS Y PRIVADOS;
2;7;72;721;;AGENTES COLEGIADOS PROPIEDAD IND.E INMOB;Si
2;7;72;722;;GESTORES ADMINISTRATIVOS;Si
2;7;72;723;;ADMINISTRADORES DE FINCAS;Si
2;7;72;724;;INTERMEDIARIOS PROMOCION EDIFICACIONES;Si
2;7;72;725;;HABILITADOS DE CLASES PASIVAS;Si
2;7;72;726;;GRADUADOS SOCIALES;Si
2;7;72;727;;AGENTES O INTERMEDIARIOS PRESTAMOS;Si
2;7;72;728;;AGENTES DE ADUANAS;Si
2;7;73;;;DERECHO;
2;7;73;731;;ABOGADOS;Si
2;7;73;732;;PROCURADORES;Si
2;7;73;733;;NOTARIOS;Si
2;7;73;734;;REGISTRADORES;Si
2;7;74;;;ECONOMIA,FINANZAS,INVERSIONES Y MERCADOS;
2;7;74;741;;ECONOMISTAS;Si
2;7;74;742;;INTENDENTES Y PROFESORES MERCANTILES;Si
2;7;74;743;;PERITOS MERCANTILES;Si
2;7;74;744;;DIPLOMADOS EN CIENCIAS EMPRESARIALES;Si
2;7;74;746;;CORREDORES DE COMERCIO LIBRES;Si
2;7;74;747;;AUDITORES DE CUENTAS Y CENSORES JURADOS;Si
2;7;74;748;;ADMINISTRADORES DE CARTERAS DE VALORES;Si
2;7;74;749;;CORREDORES INTERPRETES Y MARITIMOS;Si
2;7;75;;;PUBLICIDAD;
2;7;75;751;;PROFESIONALES PUBLICIDAD, RELAC.PUBLICAS;Si
2;7;76;;;INFORMATICA Y CIENCIAS EXACTAS;
2;7;76;761;;DOCTORES Y LICENCIADOS EXACTAS Y ESTAD.;Si
2;7;76;762;;DOCTORES,LICENCIADOS,INGENIEROS INFORMAT;Si
2;7;76;763;;PROGRAMADORES Y ANALISTAS INFORMATICA;Si
2;7;76;764;;DIPLOMADOS EN INFORMATICA;Si
2;7;76;765;;GRABADORES, Y OTROS PROF. INFORMATICA;Si
2;7;77;;;ACTIVIDADES DIVERSAS;
2;7;77;771;;AGENTES COBRADORES;Si
2;7;77;772;;ESTENOTIPISTAS, TAQUIMECANOGRAFOS,...;Si
2;7;77;773;;DETECTIVES PRIVADOS, VIGILANCIA, PROTECC;Si
2;7;77;774;;TRADUCTORES E INTERPRETES;Si
2;7;77;775;;DOCTORES Y LICENCIADOS EN FILOSOFIA;Si
2;7;77;776;;DRES.LICENC.POLITICAS,SOCIALES,LETRAS;Si
2;7;77;777;;ESPECIALISTAS ORIENTACION Y ANALISIS PER;Si
2;7;77;778;;DIPL. EN BIBLIOTECOMANIA Y DOCUMENTACION;Si
2;7;79;;;OTROS PROFESIONALES N.C.O.P.;
2;7;79;799;;OTROS PROF. ACTIV. FINANC. JURID. SEGUR.;Si
2;8;;;;OTROS SERVICIOS;
2;8;81;;;LIMPIEZA;
2;8;81;811;;PROFESIONALES LIMPIEZA;Si
2;8;82;;;ENSEåANZA;
2;8;82;821;;PERSONAL DOCENTE ENSEÑANZA SUPERIOR;Si
2;8;82;822;;PERSONAL DOCENTE ENSEÑANZA MEDIA;Si
2;8;82;823;;DOCENTES ENSEÑANZA GRAL. BASICA;Si
2;8;82;824;;PROFESORES FORMACION PROFESIONAL;Si
2;8;82;825;;PROFESORES CONDUCCION VEHICULOS;Si
2;8;82;826;;PERSONAL DOCENTE ENSEÑANZAS DIVERSAS;Si
2;8;83;;;SANIDAD;
2;8;83;831;;MEDICOS MEDICINA GENERAL;Si
2;8;83;832;;MEDICOS ESPECIALISTAS;Si
2;8;83;833;;ESTOMATOLOGOS;Si
2;8;83;834;;ODONTOLOGOS;Si
2;8;83;835;;FARMACEUTICOS;Si
2;8;83;836;;AYUD. TECN. SANITARIOS Y FISIOTERAPEUTAS;Si
2;8;83;837;;PROTESICOS E HIGIENISTAS DENTALES;Si
2;8;83;838;;OPTICOS-OPTOMETRISTAS Y PODOLOGOS;Si
2;8;83;839;;MASAJISTAS, DIETISTAS, Y AUX.ENFERMERIA;Si
2;8;84;;;PARASANITARIOS;
2;8;84;841;;ACUPUNTORES, NATUROPATAS Y OTROS;Si
2;8;85;;;ESPECTACULO;
2;8;85;851;;REPRESENTANTES TECNICOS DEL ESPECTACULO;Si
2;8;85;852;;APODERADOS Y REPRESENTANTES TAURINOS;Si
2;8;85;853;;AGENTES COLOCADORES ARTISTAS;Si
2;8;85;854;;EXPERTOS ORGANIZACION CONGRESOS;Si
2;8;85;855;;AGENTES Y CORREDORES APUESTAS;Si
2;8;86;;;LIBERALES, ARTISTAS Y LITERATOS;
2;8;86;861;;PINTORES,ESCULTORES,CERAMISTAS,ARTESANOS;Si
2;8;86;862;;RESTAURADORES OBRAS DE ARTE;Si
2;8;87;;;LOTERIAS,APUESTAS Y DEMAS JUEGOS DE AZAR;
2;8;87;871;;EXPENDEDORES OFICIALES LOTERIAS;Si
2;8;87;872;;EXPENDEDORES OFICIALES APUESTAS;Si
2;8;87;873;;EXPENDEDORES NO OFICIALES APUESTAS;Si
2;8;88;;;DIVERSOS;
2;8;88;881;;ASTROLOGOS Y SIMILARES;Si
2;8;88;882;;GUIAS DE TURISMO;Si
2;8;88;883;;GUIAS INTERPRETES DE TURISMO;Si
2;8;88;884;;PERITOS TASADORES:SEGUROS,ALHAJAS,...;Si
2;8;88;885;;LIQUIDADORES Y COMISARIOS DE AVERIAS;Si
2;8;88;886;;CRONOMETRADORES;Si
2;8;88;887;;MAQUILLADORES Y ESTETICISTAS;Si
2;8;88;888;;GRAFOLOGOS;Si
2;8;89;;;OTROS PROFESIONALES N.C.O.P.;
2;8;89;899;;OTROS PROF. RELACIONADOS CON SERVICIOS;Si
3;;;;;ACTIVIDADES ARTISTICAS;
3;;1;;;CINE , TEATRO Y CIRCO;
3;;1;11;;DIRECTORES DE CINE Y TEATRO;Si
3;;1;12;;AYUDANTES DE DIRECCION;Si
3;;1;13;;ACTORES DE CINE Y TEATRO;Si
3;;1;14;;EXTRAS ESPECIALISTAS, DOBLES, COMPARSAS;Si
3;;1;15;;OPERADORES CAMARA:CINE,TV.,VIDEO;Si
3;;1;16;;HUMORISTAS,CARICATOS,EXCENTRICOS;Si
3;;1;17;;APUNTADORES Y REGIDORES;Si
3;;1;18;;ARTISTAS CIRCENSES;Si
3;;1;19;;ACTIVIDADES CINE,TEATRO, Y CIRCO NCOP;Si
3;;2;;;BAILE;
3;;2;21;;DIRECTORES COREOGRAFICOS;Si
3;;2;22;;BAILARINES;Si
3;;2;29;;OTRAS ACTIV. DEL BAILE NCOP;Si
3;;3;;;MUSICA;
3;;3;31;;MAESTROS Y DIRECTORES DE MUSICA;Si
3;;3;32;;INTERPRETES DE INSTRUMENTOS MUSICALES;Si
3;;3;33;;CANTANTES;Si
3;;3;39;;OTRAS ACTIV. RELAC. MUSICA NCOP;Si
3;;4;;;DEPORTE;
3;;4;41;;JUGADORES Y ENTRENADORES DE FUTBOL;Si
3;;4;42;;JUGADORES,ENTRENADORES, DE TENIS Y GOLF;Si
3;;4;43;;PILOTOS,ENTRENADORES MOTO Y AUTOCICLISMO;Si
3;;4;44;;BOXEADORES,ENTRENADORES DE BOXEO;Si
3;;4;45;;JUGADORES,ENTRENADORES DE BALONCESTO;Si
3;;4;46;;CORREDORES,ENTRENADORES DE CICLISMO;Si
3;;4;47;;BALONMANO,VOLEIBOL,PELOTA,HIPICA,LUCHA;Si
3;;4;48;;ARBITROS DE ESPECTACULOS DEPORTIVOS;Si
3;;4;49;;OTRAS ACTIV. RELACIONADAS DEPORTE NCOP;Si
3;;5;;;TAURINOS;
3;;5;51;;MATADORES DE TOROS;Si
3;;5;52;;REJONEADORES;Si
3;;5;53;;SUBALTERNOS;Si
3;;5;54;;JEFES DE CUADRILLAS COMICAS Y SIMILARES;Si
3;;5;55;;OTRO PERSONAL CUADRILLAS COMICAS Y SIMIL;Si
3;;5;59;;OTRAS ACTIV. ESPEC.TAURINOS NCOP;Si
